schoolcode_id,rtake,rmet,rpct,mtake,mmet,mpct,wtake,wmet,wpct,stake,smet,spct,gradrate,grads,possgrads,act,index,noindex,name,phone,county,fax,pk,k,g01,g02,g03,g04,g05,g06,g07,g08,g09,g10,g11,g12,total,white,black,hispanic,asian,indian,Location 1
schoolcode_id,,,,,,,,,,,,,,,,,,noindex,name,phone,county,fax,,,,,,,,,,,,,,,,,,,,,"address
city zip
"
280001168,94,76,0.8085,94,77,0.8191,45,43,0.9556,0,0,0,0,0,0,0,88,\N,SADDLEBROOK ELEMENTARY SCHOOL,4029333915,DOUGLAS,,29,84,68,53,50,46,0,0,0,0,0,0,0,0,330,238,28,26,14,0,"14850 Laurel Ave.
Omaha 68116
(41.31027811015181, -96.14687465338014)"
280017040,174,170,0.977,174,166,0.954,60,60,1,45,45,1,0,0,0,0,100,\N,UPCHURCH ELEMENTARY,4027157150,DOUGLAS,,0,105,110,85,71,61,42,0,0,0,0,0,0,0,474,423,13,32,0,0,"8686 S 165th St
Omaha 68136
(41.17357306627832, -96.17219126536014)"
280059003,188,172,0.9149,188,161,0.8564,55,55,1,56,56,1,0,0,0,0,95,\N,PINE CREEK ELEMENTARY,4022382372,DOUGLAS,,0,90,87,52,65,55,34,28,0,0,0,0,0,0,411,360,0,21,0,0,"7801 North HWS Cleveland
Bennington 68007
(41.37155000000013, -96.19369)"
550001076,262,250,0.9542,262,240,0.916,80,80,1,0,0,0,0,0,0,0,98,\N,ADAMS ELEMENTARY,4024361121,LANCASTER,,12,130,110,104,96,80,79,0,0,0,0,0,0,0,611,510,0,40,33,0,"7401 Jacobs Creek Drive
Lincoln 68512
(40.73630035197824, -96.68778296104301)"
550001077,772,564,0.7306,787,460,0.5845,233,193,0.8283,0,0,0,0,0,0,0,77,\N,SCHOO MIDDLE SCHOOL,4024361222,LANCASTER,,0,0,0,0,0,0,0,273,268,236,0,0,0,0,777,586,47,79,18,0,"700 Penrose Drive
Lincoln 68521
(40.86503000000005, -96.71633999999995)"
550001078,141,108,0.766,141,100,0.7092,41,38,0.9268,0,0,0,0,0,0,0,82,\N,KOOSER MIDDLE SCHOOL,4024361146,LANCASTER,,35,128,85,72,56,43,44,0,0,0,0,0,0,0,463,360,20,34,22,0,"7301 N 13 St
Lincoln 68521
(40.87884176598551, -96.7022536047006)"
770001021,250,175,0.7,250,124,0.496,53,48,0.9057,60,60,1,0,0,0,0,72,\N,BELLEVUE ELEMENTARY SCHOOL,4028271840,SARPY,,26,59,62,58,59,53,59,79,0,0,0,0,0,0,455,409,22,10,12,0,"12001 Timberridge Dr.
Bellevue 68133
(41.128480106023545, -95.99003635396589)"
770027019,231,201,0.8701,230,180,0.7826,54,53,0.9815,58,57,0.9828,0,0,0,0,90,\N,PATRIOT ELEMENTARY,4025379998,SARPY,,0,84,91,76,73,55,58,50,0,0,0,0,0,0,487,433,14,19,0,0,"1701 Hardwood Dr.
Papillion 68046
(41.127141069905576, -96.06795084894395)"
770027020,184,160,0.8696,184,133,0.7228,40,38,0.95,50,47,0.94,0,0,0,0,87,\N,BELL ELEMENTARY,4028980408,SARPY,,0,63,46,40,55,40,46,34,0,0,0,0,0,0,324,277,10,19,0,0,"7909 Reed St.
Papillion NE
"
280010011,204,178,0.8725,204,179,0.8775,0,0,0,190,189,0.9947,,0,0,,96,New school; no graduation rate or ACT scores,ELKHORN SOUTH HIGH SCHOOL,4022890616,DOUGLAS,,0,0,0,0,0,0,0,0,0,0,203,200,207,0,610,575,0,13,14,0,"20303 Blue Sage Parkway
Omaha 68130
(41.23404000000005, -96.19676999999996)"
280010012,145,130,0.8966,145,118,0.8138,45,41,0.9111,34,27,0.7941,0,0,0,0,89,\N,WEST DODGE STATION ELEMENTARY,4022892773,DOUGLAS,,0,76,77,59,59,48,35,0,0,0,0,0,0,0,354,318,0,0,18,0,"18480 California Street
Elkhorn 68022
(41.26526369350217, -96.20304878547073)"
280001024,676,575,0.8506,678,424,0.6254,0,0,0,357,314,0.8796,0,0,0,0,76,Grade 5-6 elementary; no 4th grade writing test,ALICE BUFFETT MAGNET ELEM SCH,4025616160,DOUGLAS,4025574459,0,0,0,0,0,0,366,318,0,0,0,0,0,0,684,451,102,62,19,0,"14101 LARIMORE STREET
OMAHA 68164
(41.302354332721286, -96.13549664644341)"
280001029,535,254,0.4748,543,157,0.2891,222,164,0.7387,228,114,0.5,0,0,0,0,54,\N,LEWIS & CLARK MIDDLE SCHOOL,4025574300,DOUGLAS,4025574309,0,0,0,0,0,0,0,0,295,239,0,0,0,0,534,186,160,101,37,0,"6901 BURT ST
OMAHA 68132
(41.266886720038485, -96.0216267712147)"
280001033,526,304,0.5779,529,268,0.5066,241,201,0.834,238,170,0.7143,0,0,0,0,69,\N,R M MARRS MAGNET MIDDLE SCHOOL,4025574400,DOUGLAS,4025574429,0,0,0,0,0,0,0,0,284,241,0,0,0,0,525,63,19,410,0,0,"5619 S 19TH STREET
OMAHA 68107
(41.200372862751465, -95.94042698518922)"
280001035,687,352,0.5124,687,213,0.31,343,277,0.8076,340,267,0.7853,0,0,0,0,58,\N,MC MILLAN MAGNET MIDDLE SCHOOL,4025574500,DOUGLAS,4025574509,0,0,0,0,0,0,0,0,335,350,0,0,0,0,685,230,257,100,17,14,"3802 REDICK AVE
OMAHA 68112
(41.31753653672865, -95.9696999172429)"
280001037,515,188,0.365,516,97,0.188,237,152,0.6414,239,96,0.4017,0,0,0,0,43,\N,MONROE MIDDLE SCHOOL,4025574600,DOUGLAS,4025574609,0,0,0,0,0,0,0,0,257,244,0,0,0,0,501,119,263,51,14,0,"5105 BEDFORD AVE
OMAHA 68104
(41.28854153104527, -95.99287527162117)"
280001039,653,406,0.6217,654,254,0.3884,322,266,0.8261,321,253,0.7882,0,0,0,0,66,\N,MORTON MAGNET MIDDLE SCHOOL,4025574700,DOUGLAS,4025574709,0,0,0,0,0,0,0,0,330,334,0,0,0,0,664,309,198,84,0,0,"4606 TERRACE DR
OMAHA 68134
(41.300063546091465, -96.06718823894123)"
280001041,679,206,0.3034,692,95,0.1373,353,272,0.7705,354,264,0.7458,0,0,0,0,43,\N,NORRIS MIDDLE SCHOOL,4025574800,DOUGLAS,4025574809,0,0,0,0,0,0,0,0,323,369,0,0,0,0,692,152,65,418,0,18,"2235 S 46TH ST
OMAHA 68106
(41.23697103450359, -95.98172289560932)"
280001055,165,110,0.6667,165,90,0.5455,45,38,0.8444,36,31,0.8611,0,0,0,0,70,\N,ADAMS ELEM SCHOOL,4025729072,DOUGLAS,4025729075,0,42,41,41,46,45,36,35,0,0,0,0,0,0,286,155,76,26,0,0,"3420 N 78TH ST
OMAHA 68134
(41.29057606221326, -96.03357145953242)"
280001059,221,101,0.457,223,89,0.3991,49,38,0.7755,54,40,0.7407,0,0,0,0,56,\N,BEALS ELEM SCHOOL,4025548570,DOUGLAS,4025548546,38,62,67,56,69,48,54,53,0,0,0,0,0,0,447,165,40,181,24,0,"1720 S 48TH ST
OMAHA 68106
(41.242317242198, -95.9854200663151)"
280001061,139,74,0.5324,142,61,0.4296,33,27,0.8182,27,17,0.6296,0,0,0,0,61,\N,BELLE RYAN ELEM SCHOOL,4025548582,DOUGLAS,4025548576,32,55,37,45,38,36,35,43,0,0,0,0,0,0,321,123,57,109,0,0,"1807 S 60TH ST
OMAHA 68106
(41.24211417354255, -96.00467302913101)"
280001063,266,111,0.4173,267,65,0.2434,57,39,0.6842,72,53,0.7361,0,0,0,0,46,\N,BELVEDERE ELEMENTARY SCHOOL,4024576630,DOUGLAS,4024576609,44,76,86,79,81,56,74,62,0,0,0,0,0,0,558,58,409,48,0,0,"3775 CURTIS AVE
OMAHA 68111
(41.315728899449766, -95.96909737148331)"
280001065,335,184,0.5493,335,97,0.2896,84,60,0.7143,79,64,0.8101,0,0,0,0,53,\N,BENSON WEST ELEM SCHOOL,4025548633,DOUGLAS,4025548616,0,86,84,79,87,88,76,70,0,0,0,0,0,0,572,261,149,97,12,0,"6652 MAPLE ST
OMAHA 68104
(41.28508086815003, -96.0157752406874)"
280001067,261,159,0.6092,262,137,0.5229,77,65,0.8442,49,40,0.8163,0,0,0,0,67,\N,BOYD ELEM SCHOOL,4025728928,DOUGLAS,4025729001,45,76,63,70,83,82,51,52,0,0,0,0,0,0,522,266,162,53,10,0,"8314 BOYD ST
OMAHA 68134
(41.29827305886107, -96.04237413043069)"
280001069,298,129,0.4329,305,108,0.3541,81,60,0.7407,62,48,0.7742,0,0,0,0,52,\N,CASTELAR ELEMENTARY SCHOOL,4023447794,DOUGLAS,4023447884,26,106,99,83,92,79,59,55,0,0,0,0,0,0,599,45,11,523,0,11,"2316 S 18TH ST
OMAHA 68108
(41.23798368647872, -95.93976244543708)"
280001071,178,131,0.736,178,94,0.5281,41,38,0.9268,46,43,0.9348,0,0,0,0,75,\N,CATLIN MAGNET CENTER,4026970414,DOUGLAS,4026970016,0,33,25,36,44,39,46,50,0,0,0,0,0,0,275,152,23,77,0,0,"12736 MARINDA ST
OMAHA 68144
(41.238701967640225, -96.11325869278011)"
280001073,218,167,0.7661,217,109,0.5023,65,58,0.8923,46,39,0.8478,0,0,0,0,74,\N,CENTRAL PARK ELEM SCHOOL,4024575277,DOUGLAS,4024575122,28,69,67,67,49,63,48,60,0,0,0,0,0,0,451,49,317,20,30,0,"4904 N 42ND ST
OMAHA 68111
(41.303642011375985, -95.97577933416102)"
280001075,375,260,0.6933,374,242,0.6471,92,80,0.8696,96,92,0.9583,0,0,0,0,75,\N,CHANDLER VIEW ELEM SCHOOL,4027345705,DOUGLAS,4027345609,50,87,101,103,97,90,97,94,0,0,0,0,0,0,719,209,91,370,0,0,"7800 S 25TH ST
OMAHA 68147
(41.18311873327637, -95.94795465058768)"
280001079,183,158,0.8634,184,148,0.8043,52,49,0.9423,46,42,0.913,0,0,0,0,89,\N,COLUMBIAN ELEM SCHOOL,4026971433,DOUGLAS,4026971273,21,44,42,50,40,53,45,44,0,0,0,0,0,0,339,264,31,21,0,0,"330 S 127TH ST
OMAHA 68154
(41.25690424551328, -96.11077656397924)"
280001081,185,76,0.4108,185,52,0.2811,50,29,0.58,41,18,0.439,0,0,0,0,43,\N,CONESTOGA MAGNET ELEM SCHOOL,4023447147,DOUGLAS,4023447195,18,47,57,46,45,58,39,34,0,0,0,0,0,0,344,21,230,71,0,0,"2115 BURDETTE ST
OMAHA 68110
(41.27874877760496, -95.94384440890053)"
280001085,219,157,0.7169,219,147,0.6712,56,55,0.9821,46,34,0.7391,0,0,0,0,81,\N,CRESTRIDGE MAGNET CENTER,4026971185,DOUGLAS,4026970969,0,70,68,59,64,57,46,55,0,0,0,0,0,0,421,185,59,152,10,0,"818 CRESTRIDGE RD
OMAHA 68154
(41.25254153989655, -96.09458629909909)"
280001089,173,107,0.6185,174,82,0.4713,49,36,0.7347,41,25,0.6098,0,0,0,0,62,\N,DODGE ELEM SCHOOL,4025729005,DOUGLAS,4025729049,36,46,58,47,50,54,42,38,0,0,0,0,0,0,371,207,83,35,10,0,"3520 MAPLEWOOD BLVD
OMAHA 68134
(41.29031405890174, -96.06438054048766)"
280001091,140,53,0.3786,141,36,0.2553,27,16,0.5926,33,23,0.697,0,0,0,0,42,\N,DRUID HILL ELEMENTARY SCHOOL,4024518225,DOUGLAS,4024576448,52,49,44,37,35,33,30,34,0,0,0,0,0,0,314,29,233,14,17,0,"4020 N 30 STREET
OMAHA 68111
(41.295494153790514, -95.95656981561513)"
280001093,310,256,0.8258,315,236,0.7492,74,65,0.8784,79,73,0.9241,0,0,0,0,84,\N,DUNDEE ELEM SCHOOL,4025548424,DOUGLAS,4025540303,0,76,81,77,74,74,82,83,0,0,0,0,0,0,548,333,59,82,19,0,"310 N 51ST STREET
OMAHA 68132
(41.26201239463967, -95.99268658831181)"
280001095,165,107,0.6485,169,97,0.574,45,39,0.8667,45,40,0.8889,0,0,0,0,71,\N,EDISON ELEM SCHOOL,4023927310,DOUGLAS,4023927357,16,66,59,46,35,51,47,34,0,0,0,0,0,0,354,163,86,50,26,0,"2303 N 97TH ST
OMAHA 68134
(41.27999883522568, -96.06462335743555)"
280001097,324,160,0.4938,331,105,0.3172,80,64,0.8,79,67,0.8481,0,0,0,0,55,\N,FIELD CLUB ELEM SCHOOL,4023447226,DOUGLAS,4023447395,0,123,116,113,89,84,77,72,0,0,0,0,0,0,676,146,58,409,12,15,"3512 WALNUT ST
OMAHA 68105
(41.24241616762123, -95.96495149692822)"
280001099,166,101,0.6084,166,70,0.4217,40,32,0.8,46,42,0.913,0,0,0,0,62,\N,FLORENCE ELEM SCHOOL,4024575818,DOUGLAS,4024574722,0,45,41,42,40,41,47,46,0,0,0,0,0,0,302,153,71,47,0,0,"7902 N 36TH ST
OMAHA 68112
(41.33117925191317, -95.96865670368896)"
280001101,272,116,0.4265,272,84,0.3088,77,51,0.6623,69,50,0.7246,0,0,0,0,48,\N,FONTENELLE ELEM SCHOOL,4024575905,DOUGLAS,4024576525,57,99,82,76,66,75,71,55,0,0,0,0,0,0,581,83,369,75,0,0,"3905 N 52ND ST
OMAHA 68104
(41.29422111955651, -95.99500520216516)"
280001103,108,36,0.3333,111,38,0.3423,31,23,0.7419,23,14,0.6087,0,0,0,0,48,\N,FRANKLIN ELEM SCHOOL,4025548508,DOUGLAS,4025548479,36,39,43,32,28,32,21,29,0,0,0,0,0,0,260,12,153,53,34,0,"3506 FRANKLIN ST
OMAHA 68111
(41.274658511536515, -95.96467188073203)"
280001104,284,227,0.7993,284,201,0.7077,155,140,0.9032,0,0,0,0,0,0,0,82,\N,FULLERTON MAGNET CENTER,4024982787,DOUGLAS,4024980967,0,102,108,126,129,154,0,0,0,0,0,0,0,0,623,394,118,59,0,0,"4711 N 138TH ST
OMAHA 68164
(41.30163946078686, -96.13026504751451)"
280001107,254,166,0.6535,258,165,0.6395,107,100,0.9346,0,0,0,0,0,0,0,76,\N,GOMEZ HERITAGE ELEMENTARY SCH,4025574400,DOUGLAS,4025574429,68,180,168,130,148,108,0,0,0,0,0,0,0,0,802,56,11,714,0,12,"5101 S 17TH STREET
OMAHA 68107
(41.20636234746661, -95.9379988157101)"
280001109,171,99,0.5789,180,88,0.4889,32,25,0.7813,41,35,0.8537,0,0,0,0,63,\N,HARRISON ELEM SCHOOL,4025548535,DOUGLAS,4025532940,0,42,52,49,46,33,38,47,0,0,0,0,0,0,308,162,66,34,18,0,"5304 HAMILTON ST
OMAHA 68132
(41.27229164543462, -95.99721917133951)"
280001111,159,89,0.5597,162,82,0.5062,40,30,0.75,36,22,0.6111,0,0,0,0,62,\N,HARTMAN ELEM SCHOOL,4025721966,DOUGLAS,4025721653,36,60,50,54,37,41,32,39,0,0,0,0,0,0,349,120,149,35,10,0,"5530 N 66TH ST
OMAHA 68104
(41.30940666558382, -96.01418937803243)"
280001113,256,116,0.4531,262,87,0.3321,68,55,0.8088,63,47,0.746,0,0,0,0,54,\N,HIGHLAND ELEM SCHOOL,4027345711,DOUGLAS,4027345821,26,83,86,76,73,71,67,62,0,0,0,0,0,0,544,39,56,423,0,10,"2625 JEFFERSON ST
OMAHA 68107
(41.195651422097626, -95.9526757512283)"
280001115,285,137,0.4807,288,105,0.3646,70,58,0.8286,65,61,0.9385,0,0,0,0,57,\N,INDIAN HILL ELEM SCHOOL,4027347574,DOUGLAS,4027341502,38,90,83,72,68,68,65,69,0,0,0,0,0,0,553,41,141,325,0,13,"3121 U ST
OMAHA 68107
(41.20157795427076, -95.95936670712626)"
280001121,301,161,0.5349,302,142,0.4702,77,62,0.8052,76,56,0.7368,0,0,0,0,62,\N,JEFFERSON ELEM SCHOOL,4025546590,DOUGLAS,4025532956,0,83,80,82,72,77,72,80,0,0,0,0,0,0,547,170,43,295,14,0,"4065 VINTON ST
OMAHA 68105
(41.227433462613135, -95.97406162908504)"
280001123,209,158,0.756,209,142,0.6794,55,51,0.9273,38,38,1,0,0,0,0,81,\N,JOSLYN ELEM SCHOOL,4024965322,DOUGLAS,4024966293,40,65,71,58,58,59,40,58,0,0,0,0,0,0,449,276,58,59,23,0,"11220 BLONDO ST
OMAHA 68164
(41.27777750981335, -96.08653983528961)"
280001125,191,131,0.6859,200,98,0.49,56,38,0.6786,48,30,0.625,0,0,0,0,63,\N,KELLOM ELEMENTARY SCHOOL,4023440441,DOUGLAS,4023440213,80,68,66,52,53,61,45,36,0,0,0,0,0,0,461,40,159,166,58,18,"1311 N 24TH ST
OMAHA 68102
(41.27104158781384, -95.94702800888427)"
280001127,99,36,0.3636,108,21,0.1944,27,18,0.6667,33,23,0.697,0,0,0,0,42,\N,KENNEDY ELEM SCHOOL,4024575520,DOUGLAS,4024575031,110,42,40,31,26,28,32,15,0,0,0,0,0,0,324,17,223,38,34,0,"2906 N 30TH ST
OMAHA 68111
(41.285790469094366, -95.95657880883545)"
280001133,106,51,0.4811,106,29,0.2736,61,49,0.8033,0,0,0,0,0,0,0,53,\N,LOTHROP MAGNET CENTER,4024575704,DOUGLAS,4024577963,42,55,53,59,52,58,0,0,0,0,0,0,0,0,319,32,237,29,0,0,"3300 NORTH 22ND ST
OMAHA 68110
(41.28961258771892, -95.94539124279095)"
280001135,503,289,0.5746,505,305,0.604,0,0,0,258,155,0.6008,0,0,0,0,60,Grade 5-6 elementary; no 4th grade writing test,R M MARRS MAGNET ELEM SCHOOL,4028982801,DOUGLAS,4025574429,0,0,0,0,0,0,262,241,0,0,0,0,0,0,503,61,14,396,0,12,"5619 S 19TH STREET
OMAHA 68107
(41.200372862751465, -95.94042698518922)"
280001139,181,119,0.6575,181,111,0.6133,57,46,0.807,34,31,0.9118,0,0,0,0,71,\N,MASTERS ELEM SCHOOL,4025721027,DOUGLAS,4025720952,0,46,59,51,48,56,31,46,0,0,0,0,0,0,337,180,85,43,0,0,"5505 N 99TH ST
OMAHA 68134
(41.307688960507846, -96.0669885743726)"
280001140,92,62,0.6739,92,48,0.5217,0,0,0,43,33,0.7674,0,0,0,0,61,Grade 5-6 elementary; no 4th grade writing test,MORTON MAGNET ELEMENTARY SCH,4025574700,DOUGLAS,4025574709,0,0,0,0,0,0,46,50,0,0,0,0,0,0,96,42,25,15,0,0,"4606 TERRACE DR
OMAHA 68134
(41.300063546091465, -96.06718823894123)"
280001141,157,70,0.4459,160,57,0.3563,36,33,0.9167,43,29,0.6744,0,0,0,0,59,\N,MILLER PARK ELEM SCHOOL,4024575620,DOUGLAS,4024575702,52,47,48,44,40,35,37,39,0,0,0,0,0,0,342,44,224,25,0,0,"5625 N 28TH AVENUE
OMAHA 68111
(41.30963149609113, -95.95412365969548)"
280001143,233,96,0.412,233,57,0.2446,60,48,0.8,56,48,0.8571,0,0,0,0,50,\N,MINNE LUSA ELEM SCHOOL,4024575611,DOUGLAS,4024514971,36,74,72,75,57,57,54,51,0,0,0,0,0,0,476,146,254,43,0,0,"2728 IDA ST
OMAHA 68112
(41.32143060111554, -95.95381789020547)"
280001147,171,81,0.4737,171,46,0.269,47,27,0.5745,43,30,0.6977,0,0,0,0,45,\N,MOUNT VIEW ELEM SCHOOL,4024575117,DOUGLAS,4024575109,67,55,47,46,52,53,46,25,0,0,0,0,0,0,391,34,289,28,0,0,"5322 N 52ND ST
OMAHA 68104
(41.30813862152252, -95.99499784592712)"
280001148,311,242,0.7781,312,239,0.766,97,91,0.9381,39,39,1,0,0,0,0,85,\N,PICOTTE ELEMENTARY SCHOOL,4024968401,DOUGLAS,4024962108,0,83,99,94,120,95,40,48,0,0,0,0,0,0,583,447,44,26,23,0,"14506 OHIO ST
OMAHA 68116
(41.28361410978346, -96.14156035704218)"
280001149,133,82,0.6165,133,71,0.5338,28,21,0.75,29,26,0.8966,0,0,0,0,65,\N,OAK VALLEY ELEM SCHOOL,4026970690,DOUGLAS,4026970769,49,39,41,40,35,38,29,31,0,0,0,0,0,0,302,134,46,97,0,0,"3109 PEDERSEN DR
OMAHA 68144
(41.228552375983526, -96.1086274025561)"
280001153,327,222,0.6789,328,194,0.5915,85,70,0.8235,83,57,0.6867,0,0,0,0,71,\N,PAWNEE ELEM SCHOOL,4027345011,DOUGLAS,4027341365,30,92,89,95,91,84,83,77,0,0,0,0,0,0,641,297,48,266,15,0,"7310 S 48TH ST
OMAHA 68157
(41.18656860083694, -95.98672374359055)"
280001155,135,95,0.7037,135,75,0.5556,45,41,0.9111,30,27,0.9,0,0,0,0,74,\N,PINEWOOD ELEM SCHOOL,4025616000,DOUGLAS,4025616009,30,41,41,33,35,44,33,25,0,0,0,0,0,0,282,123,100,29,14,0,"6717 N 63RD ST
OMAHA 68152
(41.31929920790611, -96.00996256449469)"
280001159,75,58,0.7733,75,53,0.7067,20,17,0.85,18,18,1,0,0,0,0,79,\N,PONCA ELEM SCHOOL,4024576415,DOUGLAS,4024576347,0,23,22,25,15,21,18,23,0,0,0,0,0,0,148,100,13,31,0,0,"11300 N POST RD
OMAHA 68112
(41.36268250259951, -95.97565342907689)"
280001165,191,117,0.6126,193,107,0.5544,54,38,0.7037,36,24,0.6667,0,0,0,0,64,\N,ROSE HILL ELEM SCHOOL,4025546797,DOUGLAS,4025548406,0,45,55,51,53,52,38,47,0,0,0,0,0,0,341,166,74,37,46,0,"5605 CORBY STREET
OMAHA 68104
(41.28407276401845, -95.99997109674916)"
280001169,79,42,0.5316,78,36,0.4615,19,16,0.8421,25,16,0.64,0,0,0,0,63,\N,SARATOGA ELEM SCHOOL,4024576427,DOUGLAS,4024576438,59,39,27,24,21,17,23,18,0,0,0,0,0,0,228,13,178,0,0,0,"2504 MEREDITH AVE
OMAHA 68111
(41.300305526647264, -95.94746867667862)"
280001173,113,82,0.7257,114,74,0.6491,34,34,1,29,18,0.6207,0,0,0,0,81,\N,SHERMAN ELEM SCHOOL,4024576711,DOUGLAS,4024577965,14,34,33,29,28,28,28,21,0,0,0,0,0,0,215,88,0,108,0,0,"5618 N 14TH AVE
OMAHA 68110
(41.310036191004315, -95.93495910725107)"
280001174,286,119,0.4161,286,63,0.2203,82,56,0.6829,59,43,0.7288,0,0,0,0,45,\N,LIBERTY ELEMENTARY SCHOOL,4028981697,DOUGLAS,4028981698,63,80,85,78,74,80,63,65,0,0,0,0,0,0,588,93,87,373,0,0,"2021 ST MARY'S AVENUE
OMAHA 68102
(41.25418829298479, -95.94385340212085)"
280001175,245,136,0.5551,246,150,0.6098,111,100,0.9009,0,0,0,0,0,0,0,70,\N,SPRING LAKE MAGNET CENTER,4027341833,DOUGLAS,4027341715,115,138,124,137,125,114,0,0,0,0,0,0,0,0,753,108,25,592,0,0,"4215 S 20TH ST
OMAHA 68107
(41.21827515250241, -95.94166711300205)"
280001177,199,133,0.6683,199,103,0.5176,51,50,0.9804,50,47,0.94,0,0,0,0,74,\N,SPRINGVILLE ELEM SCHOOL,4025720130,DOUGLAS,4025729106,0,76,64,50,54,52,48,39,0,0,0,0,0,0,383,183,106,35,0,10,"7400 N 60TH ST
OMAHA 68152
(41.32537862482417, -96.00465656452184)"
280001178,193,180,0.9326,194,177,0.9124,97,91,0.9381,0,0,0,0,0,0,0,95,\N,STANDING BEAR ELEMENTARY SCH,4028274362,DOUGLAS,4028274363,45,118,108,119,92,103,0,0,0,0,0,0,0,0,585,445,39,37,29,0,"15860 TAYLOR STREET
OMAHA 68116
(41.298019241669394, -96.16256674130614)"
280001179,231,146,0.632,229,94,0.4105,60,48,0.8,58,47,0.8103,0,0,0,0,63,\N,SUNNY SLOPE ELEM SCHOOL,4024961810,DOUGLAS,4024960840,16,71,58,62,64,60,60,50,0,0,0,0,0,0,441,240,115,44,0,0,"10828 OLD MAPLE RD
OMAHA 68164
(41.29448691311774, -96.08465125902808)"
280001185,126,43,0.3413,126,28,0.2222,35,31,0.8857,26,19,0.7308,0,0,0,0,49,\N,WAKONDA ELEM SCHOOL,4024576737,DOUGLAS,4024576730,67,51,38,32,38,38,29,28,0,0,0,0,0,0,321,23,245,23,0,0,"4845 CURTIS AVE
OMAHA 68104
(41.315737892670086, -95.98710179850991)"
280001187,185,107,0.5784,192,90,0.4688,53,40,0.7547,44,32,0.7273,0,0,0,0,61,\N,WALNUT HILL ELEM SCHOOL,4025548644,DOUGLAS,4025548638,22,71,56,48,51,52,47,40,0,0,0,0,0,0,387,71,143,101,42,0,"4370 HAMILTON ST
OMAHA 68131
(41.27218372679107, -95.98021299176543)"
280001189,128,82,0.6406,128,73,0.5703,31,28,0.9032,40,27,0.675,0,0,0,0,72,\N,WASHINGTON ELEM SCHOOL,4025548690,DOUGLAS,4025541407,26,40,46,44,37,33,41,30,0,0,0,0,0,0,297,154,51,50,14,0,"5519 MAYBERRY STREET
OMAHA 68106
(41.25054603876612, -95.99812748658911)"
280001191,216,129,0.5972,216,106,0.4907,51,34,0.6667,59,50,0.8475,0,0,0,0,60,\N,WESTERN HILLS MAGNET CENTER,4025541510,DOUGLAS,4025541409,0,46,56,49,58,51,63,52,0,0,0,0,0,0,376,183,115,39,0,0,"6523 WESTERN AVE
OMAHA 68132
(41.27051098781658, -96.0126605305826)"
280010002,189,140,0.7407,189,122,0.6455,54,52,0.963,60,43,0.7167,0,0,0,0,80,\N,WESTRIDGE ELEMENTARY SCHOOL,4022892559,DOUGLAS,4022895725,0,65,67,57,75,53,61,0,0,0,0,0,0,0,378,317,0,39,0,0,"3100 N 206TH ST
ELKHORN 68022
(41.28647395383666, -96.23775184129607)"
280010003,200,172,0.86,200,161,0.805,78,75,0.9615,53,46,0.8679,0,0,0,0,90,\N,SKYLINE ELEMENTARY SCHOOL,4022893433,DOUGLAS,4022891652,0,56,71,68,66,79,55,0,0,0,0,0,0,0,395,369,0,0,0,0,"400 S 210TH ST, BOX 439
ELKHORN 68022
(41.25473479588703, -96.24373574751438)"
280010004,152,128,0.8421,152,122,0.8026,24,24,1,61,59,0.9672,0,0,0,0,90,\N,HILLRISE ELEMENTARY SCHOOL,4022892602,DOUGLAS,4022891610,0,63,49,61,46,51,58,0,0,0,0,0,0,0,328,299,0,12,0,0,"20110 HOPPER ST
ELKHORN 68022
(41.289453381730745, -96.22764145857658)"
280010005,540,477,0.8833,540,407,0.7537,181,179,0.989,182,181,0.9945,0,0,0,0,94,\N,ELKHORN MIDDLE SCHOOL,4022892428,DOUGLAS,4022891639,0,0,0,0,0,0,0,177,177,181,0,0,0,0,535,474,0,31,11,0,"3200 N 207TH PLAZA
ELKHORN 68022
(41.286491940277244, -96.23997316670847)"
280010006,233,210,0.9013,234,198,0.8462,97,93,0.9588,72,72,1,0,0,0,0,92,\N,SPRING RIDGE ELEMENTARY,4026370204,DOUGLAS,4026370207,0,70,73,74,65,98,72,0,0,0,0,0,0,0,452,414,0,0,17,0,"17830 SHADOW RIDGE DR
OMAHA 68130
(41.24503031069369, -96.19416837153832)"
280010007,727,679,0.934,727,639,0.879,220,216,0.9818,224,219,0.9777,0,0,0,0,100,\N,ELKHORN RIDGE MIDDLE SCHOOL,4023349302,DOUGLAS,4023349378,0,0,0,0,0,0,0,247,261,223,0,0,0,0,731,671,12,16,23,0,"17880 MARCY STREET
OMAHA 68118
(41.251029673364364, -96.19353657640796)"
280010008,237,215,0.9072,237,188,0.7932,75,75,1,82,78,0.9512,0,0,0,0,92,\N,FIRE RIDGE ELEMENTARY SCHOOL,4022890735,DOUGLAS,4022890741,0,100,85,88,79,77,81,0,0,0,0,0,0,0,510,471,0,14,11,0,"19660 FARNAM ST,PO BX 439
ELKHORN 68022
(41.256648181145756, -96.22406622483801)"
280010009,202,174,0.8614,203,158,0.7783,56,55,0.9821,67,62,0.9254,0,0,0,0,89,\N,MANCHESTER ELEMENTARY SCHOOL,4022892590,DOUGLAS,4022895729,0,101,72,100,75,56,64,0,0,0,0,0,0,0,468,396,0,24,25,0,"2750 N HWS CLEVELAND
OMAHA 68116
(41.28272378097449, -96.1864635059651)"
280015001,54,35,0.6481,55,32,0.5818,0,0,0,52,43,0.8269,0.75,36,48,23,80,\N,DOUGLAS CO WEST HIGH SCHOOL,4023592121,DOUGLAS,4023594371,0,0,0,0,0,0,0,0,0,0,65,40,50,45,200,178,0,14,0,0,"401 S PINE ST, PO BOX 378
VALLEY 68064
(41.30982819883479, -96.34387952635785)"
280015002,176,126,0.7159,177,79,0.4463,31,28,0.9032,80,70,0.875,0,0,0,0,74,\N,DOUGLAS CO WEST MIDDLE SCHOOL,4027792646,DOUGLAS,4027792534,0,0,0,0,0,0,47,42,55,31,0,0,0,0,175,148,0,14,0,0,"800 N FRONT ST
WATERLOO 68069
(41.289828425005965, -96.2911805630568)"
280015003,101,83,0.8218,101,90,0.8911,51,50,0.9804,0,0,0,0,0,0,0,92,\N,DOUGLAS CO WEST ELEMENTARY SCH,4023592151,DOUGLAS,4023594371,64,49,74,40,48,51,0,0,0,0,0,0,0,0,326,285,10,24,0,0,"301 S PINE ST, PO BOX 378
VALLEY 68064
(41.31195174692675, -96.34395277973613)"
280017001,494,309,0.6255,495,230,0.4646,0,0,0,500,496,0.992,0.921,478,519,22.1,80,\N,MILLARD SOUTH HIGH SCHOOL,4027158268,DOUGLAS,4027158472,0,0,0,0,0,0,0,0,0,0,503,500,497,542,2042,1668,79,185,32,12,"14905 Q ST
OMAHA 68137
(41.20538208645468, -96.14602998752781)"
280017006,814,741,0.9103,813,673,0.8278,254,242,0.9528,253,247,0.9763,0,0,0,0,96,\N,MILLARD NORTH MIDDLE SCHOOL,4027151280,DOUGLAS,4027151275,0,0,0,0,0,0,0,244,317,255,0,0,0,0,816,625,55,41,74,0,"2828 S 139TH PLAZA
OMAHA 68144
(41.233178434564735, -96.12941540257229)"
280017007,210,195,0.9286,210,187,0.8905,70,60,0.8571,72,72,1,0,0,0,0,91,\N,GRACE ABBOTT ELEM SCHOOL,4027152900,DOUGLAS,4027152911,0,65,76,82,68,69,72,0,0,0,0,0,0,0,432,384,0,19,13,0,"1313 N 156TH
OMAHA 68118
(41.271536214929995, -96.15806291627979)"
280017008,109,97,0.8899,109,86,0.789,41,29,0.7073,29,29,1,0,0,0,0,81,\N,CODY ELEMENTARY SCHOOL,4027151320,DOUGLAS,4027151250,110,31,40,30,35,45,30,0,0,0,0,0,0,0,321,226,38,24,0,0,"3320 S 127TH ST
OMAHA 68144
(41.22741416878407, -96.11296783207528)"
280017009,175,146,0.8343,176,125,0.7102,60,55,0.9167,64,62,0.9688,0,0,0,0,84,\N,NORRIS ELEMENTARY SCHOOL,4027158340,DOUGLAS,4027156119,37,58,72,58,53,59,65,0,0,0,0,0,0,0,402,298,15,42,21,0,"12424 WEIR ST
OMAHA 68137
(41.2057508084867, -96.1074580656911)"
280017010,146,123,0.8425,148,132,0.8919,38,34,0.8947,50,49,0.98,0,0,0,0,90,\N,SANDOZ ELEMENTARY SCHOOL,4027158345,DOUGLAS,4027158367,61,52,53,53,60,39,49,0,0,0,0,0,0,0,367,226,15,93,17,0,"5959 OAK HILLS DR
OMAHA 68137
(41.1984123407276, -96.10663068942415)"
280017011,225,195,0.8667,225,194,0.8622,73,72,0.9863,69,69,1,0,0,0,0,93,\N,WILLA CATHER ELEMENTARY SCHOOL,4027151315,DOUGLAS,4027151432,0,77,76,74,84,75,71,0,0,0,0,0,0,0,457,339,0,22,80,0,"3030 S 139TH PLAZA
OMAHA 68144
(41.23148041174494, -96.12920367235955)"
280017012,97,91,0.9381,97,93,0.9588,30,30,1,29,29,1,0,0,0,0,99,\N,HITCHCOCK ELEMENTARY SCHOOL,4027152255,DOUGLAS,4027151901,32,32,34,29,31,38,29,0,0,0,0,0,0,0,225,187,0,17,0,0,"5809 S 104TH ST
OMAHA 68127
(41.199482533942444, -96.07599978110619)"
280017013,260,222,0.8538,260,206,0.7923,87,84,0.9655,86,85,0.9884,0,0,0,0,89,\N,MONTCLAIR ELEMENTARY SCHOOL,4027151295,DOUGLAS,4027151446,119,85,94,85,87,89,85,0,0,0,0,0,0,0,644,445,17,51,95,0,"2405 S 138TH
OMAHA 68144
(41.238288279506776, -96.12849320795641)"
280017014,193,157,0.8135,193,158,0.8187,62,56,0.9032,70,66,0.9429,0,0,0,0,87,\N,HOLLING HEIGHTS ELEM SCHOOL,4027158330,DOUGLAS,4027156195,34,68,62,62,60,59,68,0,0,0,0,0,0,0,413,285,36,61,18,0,"6565 S 136TH ST
OMAHA 68137
(41.19411422315596, -96.12684769061059)"
280017015,196,178,0.9082,196,170,0.8673,65,64,0.9846,74,72,0.973,0,0,0,0,94,\N,J STERLING MORTON ELEM SCHOOL,4027151290,DOUGLAS,4027151311,0,58,50,56,55,66,77,0,0,0,0,0,0,0,362,319,12,19,0,0,"1805 S 160TH
OMAHA 68130
(41.24074342864674, -96.16517655353158)"
280017016,120,92,0.7667,120,92,0.7667,40,38,0.95,34,33,0.9706,0,0,0,0,85,\N,WALT DISNEY ELEMENTARY SCHOOL,4027152350,DOUGLAS,4027150422,60,47,48,43,43,43,36,0,0,0,0,0,0,0,320,246,13,22,24,0,"5717 S 112TH ST
OMAHA 68137
(41.20058896847685, -96.08816821429355)"
280017017,296,263,0.8885,296,252,0.8514,104,94,0.9038,97,95,0.9794,0,0,0,0,90,\N,NEIHARDT ELEMENTARY SCHOOL,4027158360,DOUGLAS,4027156191,41,79,104,83,96,103,97,0,0,0,0,0,0,0,603,512,16,34,0,0,"15130 DREXEL
OMAHA 68137
(41.192162052623985, -96.15067048919894)"
280017018,169,151,0.8935,169,140,0.8284,57,47,0.8246,60,60,1,0,0,0,0,87,\N,COTTONWOOD ELEMENTARY SCHOOL,4027151390,DOUGLAS,4027151428,0,62,61,53,53,55,60,0,0,0,0,0,0,0,344,284,0,40,0,0,"615 PIEDMONT DR
OMAHA 68154
(41.25450055463231, -96.15575848985597)"
280017019,145,138,0.9517,145,138,0.9517,47,47,1,56,55,0.9821,0,0,0,0,99,\N,HARVEY OAKS ELEMENTARY SCHOOL,4027151386,DOUGLAS,4027151624,0,40,49,45,43,49,57,0,0,0,0,0,0,0,283,246,0,13,0,0,"15228 SHIRLEY ST
OMAHA 68144
(41.240480899938994, -96.1500933613545)"
280017020,162,150,0.9259,162,143,0.8827,55,50,0.9091,53,52,0.9811,0,0,0,0,93,\N,NORMAN ROCKWELL ELEM SCHOOL,4027158246,DOUGLAS,4027156197,36,56,59,57,53,59,53,0,0,0,0,0,0,0,373,311,0,29,0,0,"6370 S 140TH AVE
OMAHA 68137
(41.19536363904825, -96.13216244183599)"
280017024,263,225,0.8555,263,225,0.8555,89,78,0.8764,83,83,1,0,0,0,0,88,\N,ACKERMAN ELEMENTARY SCHOOL,4027158420,DOUGLAS,4027156193,0,69,77,90,93,89,84,0,0,0,0,0,0,0,502,445,0,22,16,0,"5110 S 156TH ST
OMAHA 68135
(41.20709079831033, -96.15809888916101)"
280017025,760,637,0.8382,759,530,0.6983,268,253,0.944,268,257,0.959,0,0,0,0,89,\N,HARRY ANDERSEN MIDDLE SCHOOL,4027158440,DOUGLAS,4027158410,0,0,0,0,0,0,0,231,253,268,0,0,0,0,752,655,25,41,15,0,"15404 ADAMS ST
OMAHA 68137
(41.19541759837006, -96.15376415697978)"
280017026,885,810,0.9153,885,686,0.7751,306,296,0.9673,311,304,0.9775,0,0,0,0,95,\N,KIEWIT MIDDLE SCHOOL,4027151470,DOUGLAS,4027151490,0,0,0,0,0,0,0,287,283,310,0,0,0,0,880,764,24,26,46,0,"15650 HOWARD ST
OMAHA 68118
(41.25506063535323, -96.1590881433932)"
280017027,206,177,0.8592,206,168,0.8155,63,49,0.7778,72,69,0.9583,0,0,0,0,84,\N,EZRA MILLARD ELEMENTARY SCH,4027152955,DOUGLAS,4027152970,0,63,62,61,69,63,70,0,0,0,0,0,0,0,388,331,12,15,17,0,"14111 BLONDO ST
OMAHA 68164
(41.27760577516898, -96.1337249689203)"
280017028,229,206,0.8996,230,203,0.8826,67,63,0.9403,93,93,1,0,0,0,0,93,\N,WILLOWDALE ELEMENTARY SCHOOL,4027158280,DOUGLAS,4027158580,0,61,56,63,69,68,89,0,0,0,0,0,0,0,406,298,0,27,47,0,"16901 P ST
OMAHA 68135
(41.20675804915953, -96.17868437041164)"
280017029,857,804,0.9382,856,744,0.8692,284,279,0.9824,282,280,0.9929,0,0,0,0,100,\N,RUSSELL MIDDLE SCHOOL,4027158500,DOUGLAS,4027158368,0,0,0,0,0,0,0,280,289,283,0,0,0,0,852,760,13,27,33,0,"5304 S 172ND ST
OMAHA 68135
(41.20442880510359, -96.18342379750607)"
280017030,522,470,0.9004,522,410,0.7854,0,0,0,526,526,1,0.9791,516,527,23.6,99,\N,MILLARD WEST HIGH SCHOOL,4027156000,DOUGLAS,4027156060,0,0,0,0,0,0,0,0,0,0,594,557,519,551,2221,1993,32,87,67,0,"5710 S 176 AVE
OMAHA 68135
(41.20127218478075, -96.19203030932647)"
280017031,232,215,0.9267,232,211,0.9095,96,96,1,71,67,0.9437,0,0,0,0,97,\N,ALDRICH ELEMENTARY,4027152020,DOUGLAS,4027152035,0,59,93,59,66,96,71,0,0,0,0,0,0,0,444,336,0,0,81,0,"506 N 162 AVE
OMAHA 68118
(41.26448553022027, -96.16847706537914)"
280017032,287,271,0.9443,287,262,0.9129,103,102,0.9903,88,88,1,0,0,0,0,97,\N,BLACK ELK ELEMENTARY SCHOOL,4027156200,DOUGLAS,4027156220,0,71,86,85,92,102,90,0,0,0,0,0,0,0,526,487,0,15,12,0,"6708 S 161 AVE
OMAHA 68135
(41.19228795770806, -96.165680173868)"
280017033,249,227,0.9116,249,225,0.9036,78,72,0.9231,84,84,1,0,0,0,0,93,\N,ROHWER ELEMENTARY SCHOOL,4027156225,DOUGLAS,4027156240,0,67,80,68,85,80,83,0,0,0,0,0,0,0,463,419,0,17,18,0,"17701 F ST
OMAHA 68135
(41.21943848977264, -96.1926238618658)"
280017034,331,308,0.9305,331,310,0.9366,111,99,0.8919,114,112,0.9825,0,0,0,0,94,\N,WHEELER ELEMENTARY SCHOOL,4027156250,DOUGLAS,4027156270,46,78,97,110,104,113,114,0,0,0,0,0,0,0,662,606,0,23,16,0,"6707 S 178TH ST
OMAHA 68135
(41.191271723814964, -96.19453042456792)"
280017035,920,830,0.9022,920,746,0.8109,298,294,0.9866,308,298,0.9675,0,0,0,0,97,\N,BEADLE MIDDLE SCHOOL,4027156100,DOUGLAS,4027156140,0,0,0,0,0,0,0,343,272,307,0,0,0,0,922,835,0,36,28,0,"18201 JEFFERSON ST
OMAHA 68135
(41.19561818314362, -96.19988216310044)"
280017038,267,235,0.8801,267,238,0.8914,84,81,0.9643,83,83,1,0,0,0,0,93,\N,REEDER ELEMENTARY SCHOOL,4027156420,DOUGLAS,4027156440,0,102,88,73,100,85,83,0,0,0,0,0,0,0,535,482,0,19,10,0,"19202 CHANDLER ST
GRETNA 68028
(41.18377820110178, -96.21581853498499)"
280066001,452,347,0.7677,436,328,0.7523,0,0,0,434,399,0.9194,0.8714,393,451,23.7,92,\N,WESTSIDE HIGH SCHOOL,4023432600,DOUGLAS,4023432608,0,0,0,0,0,0,0,0,0,0,475,479,457,509,1920,1548,130,111,52,27,"8701 PACIFIC
OMAHA 68114
(41.24874653124874, -96.04868098588994)"
280066003,195,178,0.9128,195,173,0.8872,41,37,0.9024,45,43,0.9556,0,0,0,0,92,\N,CARL A SWANSON ELEMENTARY SCH,4023906485,DOUGLAS,4023902159,0,40,60,45,65,42,45,48,0,0,0,0,0,0,345,273,14,0,29,0,"8601 HARNEY
OMAHA 68114
(41.25724954951443, -96.04564612812797)"
280066005,240,174,0.725,241,155,0.6432,64,53,0.8281,60,58,0.9667,0,0,0,0,75,\N,HILLSIDE ELEMENTARY SCHOOL,4023906450,DOUGLAS,4023902165,0,47,49,54,56,64,62,59,0,0,0,0,0,0,393,259,36,50,12,0,"7500 WESTERN AVE
OMAHA 68114
(41.27053796747748, -96.02930698134492)"
280066007,154,131,0.8506,154,129,0.8377,36,36,1,35,35,1,0,0,0,0,92,\N,LOVELAND ELEMENTARY SCHOOL,4023906455,DOUGLAS,4023902162,0,40,36,43,38,38,36,46,0,0,0,0,0,0,278,231,16,0,26,0,"8201 PACIFIC
OMAHA 68114
(41.24881934046988, -96.04026971688211)"
280066008,196,169,0.8622,197,156,0.7919,57,54,0.9474,55,53,0.9636,0,0,0,0,89,\N,OAKDALE ELEMENTARY SCHOOL,4023906460,DOUGLAS,4023902164,0,37,39,44,44,57,57,40,0,0,0,0,0,0,322,272,10,16,0,0,"9801 W CENTER RD
OMAHA 68124
(41.233998513427025, -96.06512697777197)"
280066009,155,114,0.7355,155,116,0.7484,34,32,0.9412,37,37,1,0,0,0,0,83,\N,PADDOCK ROAD ELEMENTARY SCHOOL,4023906465,DOUGLAS,4023902161,0,39,38,39,44,33,38,41,0,0,0,0,0,0,273,210,12,23,0,0,"3535 PADDOCK RD
OMAHA 68124
(41.22704675414053, -96.05745576086201)"
280066010,167,146,0.8743,168,138,0.8214,42,41,0.9762,46,44,0.9565,0,0,0,0,91,\N,ROCKBROOK ELEMENTARY SCHOOL,4023906475,DOUGLAS,4023902157,0,49,41,42,39,42,45,40,0,0,0,0,0,0,303,265,0,16,0,0,"2514 S 108TH ST
OMAHA 68144
(41.235824137146494, -96.08145866582402)"
280066011,88,83,0.9432,88,85,0.9659,25,24,0.96,25,25,1,0,0,0,0,98,\N,SUNSET HILLS ELEMENTARY SCHOOL,4023906480,DOUGLAS,4023902160,0,15,22,18,17,25,25,21,0,0,0,0,0,0,144,125,0,0,0,0,"9503 WALNUT ST
OMAHA 68124
(41.24192914197027, -96.06088428735737)"
280066013,170,95,0.5588,172,88,0.5116,33,26,0.7879,38,37,0.9737,0,0,0,0,63,\N,WESTGATE ELEMENTARY SCHOOL,4023906495,DOUGLAS,4023902156,0,39,38,52,57,36,38,45,0,0,0,0,0,0,312,182,56,38,0,0,"7802 HASCALL
OMAHA 68124
(41.23025733378512, -96.03373164572912)"
280066016,157,138,0.879,156,125,0.8013,35,33,0.9429,39,37,0.9487,0,0,0,0,89,\N,PRAIRIE LANE ELEMENTARY SCHOOL,4023906470,DOUGLAS,4023906469,0,41,58,44,38,38,43,40,0,0,0,0,0,0,305,274,0,12,0,0,"11444 HASCALL
OMAHA 68144
(41.22922397691019, -96.09268760987402)"
280066018,949,745,0.785,953,723,0.7587,472,425,0.9004,466,429,0.9206,0,0,0,0,87,\N,WESTSIDE MIDDLE SCHOOL,4023906464,DOUGLAS,4023906454,0,0,0,0,0,0,0,0,472,477,0,0,0,0,949,753,75,55,32,0,"8601 ARBOR ST
OMAHA 68124
(41.23703822188605, -96.04705060498304)"
280066023,256,201,0.7852,256,182,0.7109,62,49,0.7903,68,63,0.9265,0,0,0,0,78,\N,WESTBROOK ELEMENTARY SCHOOL,4023906490,DOUGLAS,4023902163,49,62,58,59,63,64,72,52,0,0,0,0,0,0,479,340,65,27,10,0,"1312 ROBERTSON DRIVE
OMAHA 68114
(41.27173406577646, -96.03768866265801)"
550001002,442,310,0.7014,442,277,0.6267,129,113,0.876,0,0,0,0,0,0,0,79,\N,C CULLER MIDDLE SCHOOL,4024361210,LANCASTER,4024583210,0,0,0,0,0,0,0,160,146,131,0,0,0,0,437,172,72,101,29,17,"5201 VINE ST
LINCOLN 68504
(40.820742054523066, -96.64777973411486)"
550001003,318,198,0.6226,315,134,0.4254,0,0,0,0,0,0,0.7391,272,368,22.5,74,\N,LINCOLN NORTHEAST HIGH SCHOOL,4024361303,LANCASTER,4024361345,0,0,0,0,0,0,0,0,0,0,364,356,325,412,1457,1085,99,121,40,16,"2635 N 63RD ST
LINCOLN 68507
(40.84029331544002, -96.63454171384353)"
550001005,293,255,0.8703,294,268,0.9116,108,102,0.9444,0,0,0,0,0,0,0,93,\N,BELMONT ELEMENTARY SCHOOL,4024361124,LANCASTER,4024361114,51,91,106,109,93,108,89,0,0,0,0,0,0,0,647,374,71,102,55,0,"3425 N 14TH ST
LINCOLN 68521
(40.847164135743924, -96.70115449655378)"
550001006,466,317,0.6803,463,288,0.622,0,0,0,0,0,0,0.8059,353,438,23.4,84,\N,LINCOLN SOUTHEAST HIGH SCHOOL,4024361304,LANCASTER,4024361357,0,0,0,0,0,0,0,0,0,0,407,494,469,428,1798,1516,77,76,34,16,"2930 S 37TH ST
LINCOLN 68506
(40.782583820819866, -96.66805944587554)"
550001009,338,281,0.8314,337,261,0.7745,0,0,0,0,0,0,0.8917,354,397,25.1,96,\N,LINCOLN EAST HIGH SCHOOL,4024361302,LANCASTER,4024361325,0,0,0,0,0,0,0,0,0,0,342,347,343,427,1459,1284,29,47,48,0,"1000 S 70TH ST
LINCOLN 68510
(40.804806068163884, -96.62512581219676)"
550001010,883,672,0.761,884,645,0.7296,296,269,0.9088,0,0,0,0,0,0,0,86,\N,IRVING MIDDLE SCHOOL,4024361214,LANCASTER,4024583214,0,0,0,0,0,0,0,305,285,297,0,0,0,0,887,671,42,73,15,21,"2745 S 22ND ST
LINCOLN 68502
(40.78530876656862, -96.68965216779907)"
550001011,142,117,0.8239,142,113,0.7958,44,37,0.8409,0,0,0,0,0,0,0,84,\N,BROWNELL ELEMENTARY SCHOOL,4024361127,LANCASTER,4024361117,36,48,57,46,49,45,48,0,0,0,0,0,0,0,329,251,17,30,0,0,"6000 AYLESWORTH AVE
LINCOLN 68505
(40.82981621379872, -96.63869658161889)"
550001012,575,454,0.7896,576,383,0.6649,190,169,0.8895,0,0,0,0,0,0,0,84,\N,LEFLER MIDDLE SCHOOL,4024361215,LANCASTER,4024583215,0,0,0,0,0,0,0,189,192,196,0,0,0,0,577,373,59,75,23,0,"1100 S 48TH ST
LINCOLN 68510
(40.80199119021216, -96.65363432052555)"
550001013,756,545,0.7209,757,505,0.6671,248,213,0.8589,0,0,0,0,0,0,0,80,\N,MICKLE MIDDLE SCHOOL,4024361216,LANCASTER,4024583216,0,0,0,0,0,0,0,263,254,248,0,0,0,0,765,632,30,43,17,0,"2500 N 67TH ST
LINCOLN 68507
(40.837280586641896, -96.62901987658364)"
550001014,178,140,0.7865,178,137,0.7697,66,61,0.9242,0,0,0,0,0,0,0,85,\N,CALVERT ELEMENTARY SCHOOL,4024361130,LANCASTER,4024583230,52,70,62,56,49,67,62,0,0,0,0,0,0,0,418,282,30,61,0,0,"3709 S 46TH ST
LINCOLN 68506
(40.775308305602834, -96.65677295440781)"
550001016,113,62,0.5487,118,69,0.5847,38,34,0.8947,0,0,0,0,0,0,0,69,\N,MC PHEE ELEMENTARY SCHOOL,4024361150,LANCASTER,4024361442,34,56,57,30,36,40,40,0,0,0,0,0,0,0,293,84,65,62,30,0,"820 GOODHUE BLVD
LINCOLN 68508
(40.8052827088394, -96.69966162198517)"
550001017,724,627,0.866,725,580,0.8,255,248,0.9725,0,0,0,0,0,0,0,94,\N,POUND MIDDLE SCHOOL,4024361217,LANCASTER,4024583217,0,0,0,0,0,0,0,257,210,257,0,0,0,0,724,604,17,41,10,0,"4740 S 45TH ST
LINCOLN 68516
(40.76483120396148, -96.65795106626621)"
550001018,225,158,0.7022,226,154,0.6814,76,58,0.7632,0,0,0,0,0,0,0,73,\N,CLINTON ELEMENTARY SCHOOL,4024361132,LANCASTER,4024583232,14,73,101,86,68,77,76,0,0,0,0,0,0,0,495,150,105,127,43,17,"1520 N 29TH ST
LINCOLN 68503
(40.82867407482149, -96.67994848310292)"
550001019,688,444,0.6453,688,381,0.5538,220,180,0.8182,0,0,0,0,0,0,0,72,\N,GOODRICH MIDDLE SCHOOL,4024361213,LANCASTER,4024583213,0,0,0,0,0,0,0,251,199,236,0,0,0,0,686,366,83,136,43,12,"4600 LEWIS AVE
LINCOLN 68521
(40.857218556031455, -96.70466185246806)"
550001021,131,112,0.855,131,117,0.8931,44,44,1,0,0,0,0,0,0,0,94,\N,EASTRIDGE ELEMENTARY SCHOOL,4024361135,LANCASTER,4024583235,0,34,53,46,37,47,48,0,0,0,0,0,0,0,265,212,12,14,0,0,"6245 L ST
LINCOLN 68510
(40.80975233932503, -96.6357108324816)"
550001022,190,116,0.6105,193,108,0.5596,71,58,0.8169,0,0,0,0,0,0,0,68,\N,ELLIOTT ELEMENTARY SCHOOL,4024361136,LANCASTER,4024361187,0,72,60,71,60,69,56,0,0,0,0,0,0,0,388,110,63,116,40,13,"225 S 25TH ST
LINCOLN 68510
(40.81230641388822, -96.68529944917725)"
550001023,328,238,0.7256,330,250,0.7576,103,98,0.9515,0,0,0,0,0,0,0,83,\N,ARNOLD ELEMENTARY SCHOOL,4024361120,LANCASTER,4024361101,52,125,128,113,109,106,112,0,0,0,0,0,0,0,745,489,43,151,0,20,"5300 W KNIGHT DR
LINCOLN 68524
(40.85255107469942, -96.79283138422062)"
550001024,162,126,0.7778,162,129,0.7963,54,45,0.8333,0,0,0,0,0,0,0,82,\N,HARTLEY ELEMENTARY SCHOOL,4024361139,LANCASTER,4024361191,0,57,54,62,51,62,55,0,0,0,0,0,0,0,341,112,69,97,15,0,"730 N 33RD ST
LINCOLN 68503
(40.82034957637819, -96.67279224385786)"
550001027,192,131,0.6823,195,141,0.7231,67,57,0.8507,0,0,0,0,0,0,0,77,\N,HOLMES ELEMENTARY SCHOOL,4024361143,LANCASTER,4024583243,37,68,71,59,67,66,56,0,0,0,0,0,0,0,424,261,28,55,47,0,"5230 SUMNER ST
LINCOLN 68506
(40.79528224787356, -96.64772577479306)"
550001028,217,153,0.7051,216,142,0.6574,77,65,0.8442,0,0,0,0,0,0,0,75,\N,HUNTINGTON ELEMENTARY SCHOOL,4024361144,LANCASTER,4024361422,18,94,76,72,74,78,69,0,0,0,0,0,0,0,481,294,51,76,0,0,"2900 N 46TH ST
LINCOLN 68504
(40.84142646119699, -96.65623336119023)"
550001029,117,94,0.8034,118,95,0.8051,35,30,0.8571,0,0,0,0,0,0,0,84,\N,LAKEVIEW ELEMENTARY SCHOOL,4024361149,LANCASTER,4024361438,0,57,61,67,43,35,46,0,0,0,0,0,0,0,309,180,47,40,11,0,"300 CAPITOL BEACH BLVD
LINCOLN 68528
(40.81649725454474, -96.73969943872959)"
550001030,262,227,0.8664,262,243,0.9275,83,83,1,0,0,0,0,0,0,0,95,\N,MORLEY ELEMENTARY SCHOOL,4024361154,LANCASTER,4024361457,21,90,75,79,97,83,84,0,0,0,0,0,0,0,529,450,11,18,16,0,"6800 MONTEREY DR
LINCOLN 68506
(40.793933264829604, -96.62771585964117)"
550001031,222,207,0.9324,227,196,0.8634,80,77,0.9625,0,0,0,0,0,0,0,94,\N,MEADOW LANE ELEMENTARY SCHOOL,4024361151,LANCASTER,4024583251,34,84,101,113,80,81,63,0,0,0,0,0,0,0,556,395,17,81,33,0,"7200 VINE ST
LINCOLN 68505
(40.82067010876074, -96.62079108001552)"
550001032,186,156,0.8387,186,145,0.7796,53,52,0.9811,0,0,0,0,0,0,0,89,\N,BEATTIE ELEMENTARY SCHOOL,4024361123,LANCASTER,4024583223,34,73,64,65,65,54,67,0,0,0,0,0,0,0,422,339,14,31,0,0,"1901 CALVERT ST
LINCOLN 68502
(40.77734077338903, -96.69412179828464)"
550001033,54,53,0.9815,54,49,0.9074,21,21,1,0,0,0,0,0,0,0,99,\N,NORWOOD PARK ELEMENTARY SCHOOL,4024361155,LANCASTER,4024583255,0,24,28,25,16,24,14,0,0,0,0,0,0,0,131,92,0,23,0,0,"4710 N 72ND ST
LINCOLN 68507
(40.860564033980495, -96.62220301560154)"
550001034,219,134,0.6119,220,136,0.6182,74,66,0.8919,0,0,0,0,0,0,0,72,\N,EVERETT ELEMENTARY SCHOOL,4024361159,LANCASTER,4024361468,34,73,78,88,72,73,78,0,0,0,0,0,0,0,496,113,60,254,31,0,"1123 C ST
LINCOLN 68502
(40.801397637672835, -96.70475178467098)"
550001035,163,119,0.7301,163,119,0.7301,54,43,0.7963,0,0,0,0,0,0,0,77,\N,PERSHING ELEMENTARY SCHOOL,4024361160,LANCASTER,4024361471,36,63,58,73,48,55,60,0,0,0,0,0,0,0,393,286,0,49,0,0,"6402 JUDSON ST
LINCOLN 68507
(40.84556334253176, -96.63237434775294)"
550001036,181,131,0.7238,180,108,0.6,53,47,0.8868,0,0,0,0,0,0,0,75,\N,PRESCOTT ELEMENTARY SCHOOL,4024361161,LANCASTER,4024361478,82,80,79,68,67,53,60,0,0,0,0,0,0,0,489,285,43,88,12,12,"1930 S 20TH ST
LINCOLN 68502
(40.79309689534239, -96.69202637795638)"
550001037,247,204,0.8259,247,180,0.7287,69,64,0.9275,0,0,0,0,0,0,0,85,\N,RANDOLPH ELEMENTARY SCHOOL,4024361163,LANCASTER,4024583263,0,78,81,66,83,67,94,0,0,0,0,0,0,0,469,341,29,43,0,0,"1024 S 37TH ST
LINCOLN 68510
(40.80306138342701, -96.66804145943496)"
550001050,297,262,0.8822,297,269,0.9057,92,92,1,0,0,0,0,0,0,0,95,\N,HUMANN ELEMENTARY SCHOOL,4024361145,LANCASTER,4024361426,18,113,93,108,103,97,96,0,0,0,0,0,0,0,628,552,0,18,12,0,"6720 ROCKWOOD LN
LINCOLN 68516
(40.74490222779218, -96.65515417475513)"
550001053,668,415,0.6213,681,311,0.4567,239,200,0.8368,0,0,0,0,0,0,0,69,\N,PARK MIDDLE SCHOOL,4024361212,LANCASTER,4024583212,0,0,0,0,0,0,0,220,212,238,0,0,0,0,670,277,105,153,75,0,"855 S 8TH ST
LINCOLN 68508
(40.80483304782473, -96.71003080498298)"
550001054,302,224,0.7417,304,222,0.7303,93,83,0.8925,0,0,0,0,0,0,0,81,\N,CAMPBELL ELEMENTARY SCHOOL,4024361129,LANCASTER,4024583229,35,132,110,123,107,96,104,0,0,0,0,0,0,0,707,432,68,79,69,0,"2200 DODGE ST
LINCOLN 68521
(40.85428676621598, -96.68830318475511)"
550001055,332,298,0.8976,332,300,0.9036,112,108,0.9643,0,0,0,0,0,0,0,94,\N,CAVETT ELEMENTARY SCHOOL,4024361131,LANCASTER,4024583231,19,121,119,128,105,112,113,0,0,0,0,0,0,0,717,629,0,16,36,0,"7701 S 36TH ST
LINCOLN 68516
(40.732428631245796, -96.6682303170611)"
550001056,416,385,0.9255,416,386,0.9279,155,150,0.9677,0,0,0,0,0,0,0,96,\N,MAXEY ELEMENTARY SCHOOL,4024361153,LANCASTER,4024583253,18,142,165,125,129,156,134,0,0,0,0,0,0,0,869,754,0,36,48,0,"5200 S 75TH ST
LINCOLN 68516
(40.760172715849706, -96.61856076138287)"
550001057,388,335,0.8634,389,359,0.9229,128,124,0.9688,0,0,0,0,0,0,0,94,\N,ROPER ELEMENTARY SCHOOL,4024361170,LANCASTER,4024583270,33,137,171,162,134,132,123,0,0,0,0,0,0,0,892,628,49,107,48,0,"2323 S CODDINGTON ST
LINCOLN 68522
(40.789661485190436, -96.74935815732425)"
550001058,881,801,0.9092,881,773,0.8774,272,266,0.9779,0,0,0,0,0,0,0,99,\N,LUX MIDDLE SCHOOL,4024361220,LANCASTER,4024361309,0,0,0,0,0,0,0,321,287,269,0,0,0,0,877,768,18,21,34,0,"7800 HIGH ST
LINCOLN 68506
(40.77904278070393, -96.61375629583752)"
550001059,868,743,0.856,867,713,0.8224,266,259,0.9737,0,0,0,0,0,0,0,95,\N,SCOTT MIDDLE SCHOOL,4024361218,LANCASTER,4024583218,0,0,0,0,0,0,0,277,316,265,0,0,0,0,858,712,23,44,40,0,"2200 PINE LAKE ROAD
LINCOLN 68516
(40.73968702348105, -96.68236783040462)"
550001070,454,294,0.6476,454,231,0.5088,0,0,0,0,0,0,0.7425,320,431,20.4,75,\N,NORTH STAR HIGH SCHOOL,4024361305,LANCASTER,4024361054,0,0,0,0,0,0,0,0,0,0,473,443,470,490,1876,1170,186,276,151,23,"5801 N 33RD ST
LINCOLN 68504
(40.86980534909574, -96.67255526394905)"
550001071,481,304,0.632,479,302,0.6305,0,0,0,0,0,0,0.9208,442,480,23.8,86,\N,SOUTHWEST HIGH SCHOOL,4024361306,LANCASTER,4024361085,0,0,0,0,0,0,0,0,0,0,474,439,492,507,1912,1585,67,107,68,0,"7001 S 14TH ST
LINCOLN 68512
(40.73765369223605, -96.7016581168902)"
550145001,151,116,0.7682,151,86,0.5695,0,0,0,137,124,0.9051,0.9292,105,113,22.9,88,\N,WAVERLY HIGH SCHOOL,4027862765,LANCASTER,4027862760,0,0,0,0,0,0,0,0,0,0,146,143,151,110,550,534,0,11,0,0,"13401 AMBERLY RD, BOX 426
WAVERLY 68462
(40.90696905069234, -96.53826929060699)"
550145002,415,332,0.8,415,288,0.694,133,128,0.9624,137,137,1,0,0,0,0,88,\N,WAVERLY MIDDLE SCHOOL,4027862348,LANCASTER,4027862760,0,0,0,0,0,0,0,137,143,133,0,0,0,0,413,394,0,0,0,0,"13801 AMBERLY RD, BOX 426
WAVERLY 68462
(40.90696531813557, -96.53444081541332)"
550145003,130,108,0.8308,130,110,0.8462,48,44,0.9167,36,36,1,0,0,0,0,88,\N,ELEMENTARY SCHOOL AT EAGLE,4027812210,LANCASTER,4027812068,0,36,46,46,45,48,36,0,0,0,0,0,0,0,257,250,0,0,0,0,"600 S 1ST STREET
EAGLE 68347
(40.81568136160261, -96.4268695141436)"
770001009,89,61,0.6854,89,41,0.4607,22,20,0.9091,23,23,1,0,0,0,0,70,\N,CENTRAL ELEMENTARY SCHOOL,4022934685,SARPY,4022935710,23,21,21,21,22,20,25,29,0,0,0,0,0,0,182,151,12,14,0,0,"510 W 22ND AVE
BELLEVUE 68005
(41.13757320544545, -95.89905817184143)"
770001010,190,136,0.7158,190,102,0.5368,39,33,0.8462,53,53,1,0,0,0,0,72,\N,PETER SARPY ELEMENTARY SCHOOL,4022934795,SARPY,4022935719,26,53,60,69,48,39,47,46,0,0,0,0,0,0,388,267,64,34,16,0,"2908 VANDENBERG AVE
BELLEVUE 68123
(41.122417432650565, -95.9573278507625)"
770001011,222,167,0.7523,222,115,0.518,47,42,0.8936,69,66,0.9565,0,0,0,0,74,\N,BIRCHCREST ELEMENTARY SCHOOL,4022934635,SARPY,4022935708,27,59,66,40,47,44,66,65,0,0,0,0,0,0,414,294,42,55,20,0,"1212 FAIRFAX DR
BELLEVUE 68005
(41.1492092084437, -95.91424201819046)"
770001012,172,128,0.7442,172,104,0.6047,44,39,0.8864,54,51,0.9444,0,0,0,0,76,\N,FORT CROOK ELEMENTARY SCHOOL,4022934710,SARPY,4022935712,0,37,53,56,45,45,53,35,0,0,0,0,0,0,329,228,46,32,0,0,"12501 S 25TH ST
BELLEVUE 68123
(41.12519503510085, -95.94728928928784)"
770001013,142,87,0.6127,143,55,0.3846,32,25,0.7813,50,43,0.86,0,0,0,0,61,\N,TWIN RIDGE ELEMENTARY SCHOOL,4022934845,SARPY,4022935721,0,41,42,37,34,34,49,27,0,0,0,0,0,0,264,199,30,29,0,0,"1400 SUNBURY DR
BELLEVUE 68005
(41.14551502520958, -95.92237313904474)"
770001014,218,134,0.6147,218,58,0.2661,50,39,0.78,51,48,0.9412,0,0,0,0,57,\N,WAKE ROBIN ELEMENTARY SCHOOL,4022934955,SARPY,4022935725,85,44,60,44,46,49,51,76,0,0,0,0,0,0,455,365,38,32,18,0,"700 LINCOLN RD SOUTH
BELLEVUE 68005
(41.154384567081884, -95.90910419192343)"
770001015,160,115,0.7188,160,97,0.6063,37,32,0.8649,43,43,1,0,0,0,0,75,\N,LEMAY ELEMENTARY SCHOOL,4022934760,SARPY,4022935714,26,63,61,54,47,35,46,37,0,0,0,0,0,0,369,274,45,22,18,0,"2726 KENNEDY DR
BELLEVUE 68123
(41.12935331507781, -95.94959209810678)"
770001017,233,180,0.7725,233,104,0.4464,50,46,0.92,69,67,0.971,0,0,0,0,73,\N,LEONARD LAWRENCE ELEM SCHOOL,4022934880,SARPY,4022935716,0,69,57,59,56,48,66,59,0,0,0,0,0,0,414,322,55,10,18,0,"13204 S 29TH ST
BELLEVUE 68123
(41.11409322521847, -95.95464608720658)"
770001018,205,146,0.7122,205,88,0.4293,55,52,0.9455,53,48,0.9057,0,0,0,0,71,\N,TWO SPRINGS ELEMENTARY SCHOOL,4022935070,SARPY,4022935723,25,58,51,54,50,59,53,41,0,0,0,0,0,0,391,317,28,38,0,0,"3001 SPRING BLVD
BELLEVUE 68123
(41.09844311148316, -95.95838719619276)"
770001019,245,180,0.7347,245,130,0.5306,53,48,0.9057,54,53,0.9815,0,0,0,0,74,\N,FAIRVIEW ELEMENTARY SCHOOL,4028275950,SARPY,4028275948,26,61,60,72,71,54,53,66,0,0,0,0,0,0,463,393,34,18,16,0,"14110 TREGARON DRIVE
BELLEVUE 68123
(41.10260310683435, -95.93972880297143)"
770001020,476,384,0.8067,477,313,0.6562,224,218,0.9732,228,215,0.943,0,0,0,0,87,\N,LEWIS & CLARK MIDDLE SCHOOL,4028988760,SARPY,4028989018,0,0,0,0,0,0,0,0,250,225,0,0,0,0,475,379,46,28,19,0,"13502 S 38TH ST
BELLEVUE 68123
(41.10928770010914, -95.9711134303865)"
770027001,368,294,0.7989,368,223,0.606,0,0,0,352,331,0.9403,0.9273,357,385,21.7,88,\N,PAPILLION-LA VISTA SENIOR HIGH,4028980400,SARPY,4028980415,0,0,0,0,0,0,0,0,0,0,357,369,372,408,1506,1256,62,103,38,13,"402 E CENTENNIAL RD
PAPILLION 68046
(41.168878605285386, -96.04019777111978)"
770027002,723,574,0.7939,727,441,0.6066,358,337,0.9413,375,343,0.9147,0,0,0,0,84,\N,PAPILLION JUNIOR HIGH SCHOOL,4028980424,SARPY,4028980430,0,0,0,0,0,0,0,0,360,363,0,0,0,0,723,600,43,42,17,0,"423 S WASHINGTON ST
PAPILLION 68046
(41.15327043830032, -96.04287688633283)"
770027003,199,161,0.809,199,121,0.608,45,43,0.9556,47,41,0.8723,0,0,0,0,81,\N,G STANLEY HALL ELEMENTARY SCH,4028980455,SARPY,4028980457,124,52,55,55,55,47,44,52,0,0,0,0,0,0,484,369,36,45,23,0,"7600 S 72ND ST
LA VISTA 68128
(41.181963193749084, -96.02382410516906)"
770027004,681,561,0.8238,681,436,0.6402,321,312,0.972,330,322,0.9758,0,0,0,0,87,\N,LA VISTA JUNIOR HIGH SCHOOL,4028980436,SARPY,4028980442,0,0,0,0,0,0,0,0,354,327,0,0,0,0,681,558,31,54,16,0,"7900 EDGEWOOD BLVD
LA VISTA 68128
(41.17780323554478, -96.0370480194046)"
770027005,164,105,0.6402,164,65,0.3963,35,31,0.8857,41,40,0.9756,0,0,0,0,66,\N,LA VISTA WEST ELEMENTARY SCH,4028980463,SARPY,4028980465,26,52,41,55,46,39,40,42,0,0,0,0,0,0,341,238,41,43,0,0,"7821 TERRY DR
LA VISTA 68128
(41.18580918329879, -96.03558648171229)"
770027006,238,186,0.7815,237,142,0.5992,57,54,0.9474,59,50,0.8475,0,0,0,0,79,\N,TARA HEIGHTS ELEMENTARY SCHOOL,4028980445,SARPY,4028980447,0,49,58,59,64,57,58,56,0,0,0,0,0,0,401,341,16,20,11,0,"700 TARA RD
PAPILLION 68046
(41.162337753525314, -96.03633544158521)"
770046001,95,64,0.6737,94,48,0.5106,0,0,0,94,91,0.9681,0.9552,64,67,21.5,83,\N,PLATTEVIEW SENIOR HIGH SCHOOL,4023393606,SARPY,4023393751,0,0,0,0,0,0,0,0,0,0,74,78,96,68,316,296,0,0,0,0,"14801 S 108TH ST
SPRINGFIELD 68059
(41.092065209457544, -96.08094478777481)"
770046002,148,113,0.7635,148,103,0.6959,35,34,0.9714,38,38,1,0,0,0,0,83,\N,SPRINGFIELD ELEMENTARY SCHOOL,4022532245,SARPY,4022532003,20,26,38,30,42,39,38,36,0,0,0,0,0,0,269,242,0,0,0,0,"765 MAIN ST
SPRINGFIELD 68059
(41.08172124267391, -96.12670518574055)"
770046004,126,106,0.8413,126,91,0.7222,22,19,0.8636,41,41,1,0,0,0,0,83,\N,WESTMONT ELEMENTARY SCHOOL,4028959602,SARPY,4028944876,20,41,31,36,29,23,41,36,0,0,0,0,0,0,257,227,0,15,0,0,"13210 GLENN ST
OMAHA 68138
(41.143615290685844, -96.11984184495776)"
770046005,166,149,0.8976,166,142,0.8554,86,85,0.9884,89,89,1,0,0,0,0,98,\N,PLATTEVIEW CENTRAL JR HI SCH,4023395052,SARPY,4023393166,0,0,0,0,0,0,0,0,79,88,0,0,0,0,167,158,0,0,0,0,"14801 S 108TH ST
SPRINGFIELD 68059
(41.092065209457544, -96.08094478777481)"
280001001,386,136,0.3523,384,60,0.1563,0,0,0,353,234,0.6629,0.7087,270,381,16.8,52,\N,BENSON MAGNET HIGH SCHOOL,4025573000,DOUGLAS,4025573039,0,0,0,0,0,0,0,0,0,0,440,355,392,308,1495,444,583,212,76,21,"5120 MAPLE ST
OMAHA 68104
(41.28499007248831, -95.99348698491792)"
280001003,398,113,0.2839,400,50,0.125,0,0,0,381,234,0.6142,0.7271,309,425,18,51,\N,BRYAN HIGH SCHOOL,4025573100,DOUGLAS,4025573139,0,0,0,0,0,0,0,0,0,0,540,459,382,382,1763,496,174,944,26,26,"4700 GILES RD
OMAHA 68157
(41.17632503780603, -95.98437827305965)"
280001005,527,291,0.5522,528,219,0.4148,0,0,0,509,337,0.6621,0.8456,449,531,20.3,72,\N,BURKE HIGH SCHOOL,4025573200,DOUGLAS,4025573239,0,0,0,0,0,0,0,0,0,0,644,601,506,485,2236,1209,428,348,71,20,"12200 BURKE BLVD
OMAHA 68154
(41.25971044513335, -96.10445933704885)"
280001007,586,324,0.5529,586,181,0.3089,0,0,0,541,365,0.6747,0.7458,446,598,20.4,67,\N,CENTRAL HIGH SCHOOL,4025573300,DOUGLAS,4025573339,0,0,0,0,0,0,0,0,0,0,827,621,584,505,2537,962,812,425,57,42,"124 N 20TH ST
OMAHA 68102
(41.260420594647826, -95.94241448687399)"
280001009,479,221,0.4614,479,137,0.286,0,0,0,459,259,0.5643,0.7111,347,488,20.3,63,\N,OMAHA NORTH MAGNET HIGH SCHOOL,4025573400,DOUGLAS,4025573439,0,0,0,0,0,0,0,0,0,0,569,522,458,410,1959,766,786,161,31,26,"4410 N 36TH ST
OMAHA 68111
(41.2993882181774, -95.96609363590545)"
280001011,275,84,0.3055,275,39,0.1418,0,0,0,245,138,0.5633,0.701,218,311,18.2,52,\N,OMAHA NORTHWEST HIGH SCHOOL,4025573500,DOUGLAS,4025573539,0,0,0,0,0,0,0,0,0,0,391,303,271,259,1224,350,546,158,0,20,"8204 CROWN POINT AVE
OMAHA 68134
(41.31273415709222, -96.04029669654301)"
280001013,443,158,0.3567,448,63,0.1406,0,0,0,417,203,0.4868,0.6098,275,451,17,49,\N,OMAHA SOUTH MAGNET HIGH SCHOOL,4025573600,DOUGLAS,4025573639,0,0,0,0,0,0,0,0,0,0,714,528,406,345,1993,289,292,1211,94,26,"4519 S 24TH ST
OMAHA 68107
(41.21352095081983, -95.94704599532486)"
280001019,776,387,0.4987,782,231,0.2954,373,304,0.815,377,263,0.6976,0,0,0,0,58,\N,BEVERIDGE MAGNET MIDDLE SCHOOL,4025574000,DOUGLAS,4025574009,0,0,0,0,0,0,0,0,396,381,0,0,0,0,777,336,125,225,27,0,"1616 S 120TH ST
OMAHA 68144
(41.24232623541832, -96.10070415725107)"
280001021,732,287,0.3921,734,176,0.2398,375,274,0.7307,378,313,0.828,0,0,0,0,49,\N,BRYAN MIDDLE SCHOOL,4025574100,DOUGLAS,4025574129,0,0,0,0,0,0,0,0,355,386,0,0,0,0,741,202,76,410,11,0,"8210 S 42ND ST
OMAHA 68147
(41.17746668961442, -95.97697558685435)"
280001022,669,567,0.8475,670,414,0.6179,326,313,0.9601,324,309,0.9537,0,0,0,0,87,\N,ALICE BUFFETT MAGNET MS,4025616160,DOUGLAS,4025616170,0,0,0,0,0,0,0,0,347,330,0,0,0,0,677,432,117,56,25,0,"14101 LARIMORE STREET
OMAHA 68164
(41.302354332721286, -96.13549664644341)"
280001023,315,81,0.2571,315,33,0.1048,145,119,0.8207,139,63,0.4532,0,0,0,0,42,\N,HALE MIDDLE SCHOOL,4025574200,DOUGLAS,4025574229,0,0,0,0,0,0,0,0,157,162,0,0,0,0,319,67,176,36,0,0,"6143 WHITMORE ST
OMAHA 68152
(41.32161945874168, -96.00893733738127)"
280001105,253,119,0.4704,254,96,0.378,66,43,0.6515,73,50,0.6849,0,0,0,0,51,\N,GILDER ELEM SCHOOL,4027347334,DOUGLAS,4027349973,0,58,68,72,63,67,76,51,0,0,0,0,0,0,458,167,46,228,0,0,"3705 CHANDLER RD
OMAHA 68147
(41.183551619873484, -95.969076451596)"
280001201,118,43,0.3644,123,35,0.2846,45,35,0.7778,21,21,1,0,0,0,0,49,\N,JACKSON ELEMENTARY SCHOOL,4023447484,DOUGLAS,4023447414,26,52,41,50,39,50,24,25,0,0,0,0,0,0,307,14,10,269,0,0,"620 S 31ST ST
OMAHA 68105
(41.253064140448146, -95.95789181899823)"
280001204,329,177,0.538,332,95,0.2861,76,62,0.8158,84,68,0.8095,0,0,0,0,56,\N,BANCROFT ELEMENTARY,4023447505,DOUGLAS,4023447695,37,102,104,98,93,76,84,75,0,0,0,0,0,0,669,192,27,419,0,0,"2724 RIVERVIEW BLVD
OMAHA 68108
(41.23368375071675, -95.92550723272313)"
280001205,133,55,0.4135,135,35,0.2593,27,16,0.5926,30,23,0.7667,0,0,0,0,43,\N,KING ELEMENTARY SCHOOL,4024575723,DOUGLAS,4024574932,42,48,50,37,39,25,26,33,0,0,0,0,0,0,300,28,213,40,0,0,"3706 MAPLE ST
OMAHA 68111
(41.28472027587952, -95.96728973420443)"
280001206,267,121,0.4532,267,82,0.3071,0,0,0,113,93,0.823,0,0,0,0,39,Grade 5-6 elementary; no 4th grade writing test,KING SCIENCE/TECH MAGNET ELEM,4025573720,DOUGLAS,4025574459,0,0,0,0,0,0,117,150,0,0,0,0,0,0,267,80,139,23,0,0,"3720 FLORENCE BLVD
OMAHA 68110
(41.293155916514365, -95.94218066314636)"
280001207,390,211,0.541,390,121,0.3103,191,160,0.8377,197,136,0.6904,0,0,0,0,60,\N,KING SCIENCE/TECH MAGNET M S,4025573720,DOUGLAS,4025574459,0,0,0,0,0,0,0,0,188,198,0,0,0,0,386,105,209,35,0,0,"3720 FLORENCE BLVD
OMAHA 68110
(41.293155916514365, -95.94218066314636)"
280001209,399,265,0.6642,400,239,0.5975,111,88,0.7928,88,69,0.7841,0,0,0,0,70,\N,PRAIRIE WIND ELEM SCHOOL,4024910859,DOUGLAS,4024910273,0,121,113,120,121,111,93,79,0,0,0,0,0,0,762,365,226,67,21,0,"10908 ELLISON AVE
OMAHA 68164
(41.31068370286539, -96.08219610988806)"
280001210,644,372,0.5776,646,352,0.5449,151,124,0.8212,135,118,0.8741,0,0,0,0,66,\N,ASHLAND PARK/ROBBINS ELEM SCH,4027346001,DOUGLAS,4027346210,56,178,166,167,195,155,136,156,0,0,0,0,0,0,1209,315,42,774,14,22,"5050 S 51ST ST
OMAHA 68117
(41.20872756440366, -95.99291141881918)"
280001214,268,106,0.3955,268,69,0.2575,71,57,0.8028,76,56,0.7368,0,0,0,0,50,\N,SKINNER MAGNET CENTER,4024536857,DOUGLAS,4024534864,0,53,66,63,61,74,75,61,0,0,0,0,0,0,453,60,299,57,0,0,"4304 N 33RD ST
OMAHA 68111
(41.29760756055941, -95.96129125626896)"
280010001,148,115,0.777,149,125,0.8389,0,0,0,140,136,0.9714,0.9739,299,307,23.8,98,\N,ELKHORN HIGH SCHOOL,4022894239,DOUGLAS,4022894383,0,0,0,0,0,0,0,0,0,0,155,173,146,322,796,735,11,32,11,0,"1401 VETERANS DRIVE
ELKHORN 68022
(41.27043004883393, -96.23061122438344)"
280017002,765,638,0.834,767,521,0.6793,254,233,0.9173,262,255,0.9733,0,0,0,0,87,\N,MILLARD CENTRAL MIDDLE SCHOOL,4027158225,DOUGLAS,4027158574,0,0,0,0,0,0,0,248,254,266,0,0,0,0,768,593,33,90,20,0,"12801 L ST
OMAHA 68137
(41.2124327711644, -96.11360942837149)"
280017003,187,151,0.8075,187,162,0.8663,60,51,0.85,67,66,0.9851,0,0,0,0,86,\N,BRYAN ELEMENTARY SCHOOL,4027158325,DOUGLAS,4027156194,37,63,64,69,58,62,67,0,0,0,0,0,0,0,420,332,19,37,0,0,"5010 S 144TH ST
OMAHA 68137
(41.210307969826715, -96.1389380824897)"
280017004,612,505,0.8252,611,467,0.7643,0,0,0,620,619,0.9984,0.9368,563,601,24.3,96,\N,MILLARD NORTH HIGH SCHOOL,4027151365,DOUGLAS,4027151336,0,0,0,0,0,0,0,0,0,0,615,622,612,643,2492,2060,82,126,148,0,"1010 S 144TH ST
OMAHA 68154
(41.25136442181281, -96.13871849942956)"
280017039,280,251,0.8964,280,258,0.9214,96,91,0.9479,77,77,1,0,0,0,0,94,\N,REAGAN ELEMENTARY,4027157100,DOUGLAS,4027157120,0,125,106,124,107,97,79,0,0,0,0,0,0,0,638,567,0,34,22,0,"4440 S 198 AVE
OMAHA 68135
(41.215769255893065, -96.22574589220494)"
280054001,262,153,0.584,264,86,0.3258,0,0,0,261,231,0.8851,0.8249,212,257,20,70,\N,RALSTON HIGH SCHOOL,4023317373,DOUGLAS,4023317345,0,0,0,0,0,0,0,0,0,0,231,232,264,262,989,705,48,198,21,0,"8969 PARK DR
RALSTON 68127
(41.201434062746046, -96.04991944225651)"
280054002,72,39,0.5417,72,24,0.3333,18,13,0.7222,20,20,1,0,0,0,0,54,\N,KAREN WESTERN ELEMENTARY SCH,4027317477,DOUGLAS,4027310952,34,24,24,22,16,19,21,19,0,0,0,0,0,0,179,108,10,49,0,0,"6224 H ST
OMAHA 68117
(41.21704629317469, -96.0109608119472)"
280054003,408,287,0.7034,408,219,0.5368,200,179,0.895,207,197,0.9517,0,0,0,0,76,\N,RALSTON MIDDLE SCHOOL,4023314701,DOUGLAS,4023315376,0,0,0,0,0,0,0,0,204,203,0,0,0,0,407,273,25,97,0,0,"8202 LAKEVIEW
RALSTON 68127
(41.20896397054014, -96.04082506305646)"
280054004,189,128,0.6772,191,94,0.4921,57,48,0.8421,57,56,0.9825,0,0,0,0,69,\N,MOCKINGBIRD ELEMENTARY SCHOOL,4023316954,DOUGLAS,4023316403,32,41,54,54,51,56,42,40,0,0,0,0,0,0,370,178,40,136,0,0,"5100 S 93RD ST
OMAHA 68127
(41.2055889305214, -96.0563226151051)"
280054006,109,74,0.6789,109,52,0.4771,41,31,0.7561,41,40,0.9756,0,0,0,0,65,\N,SEYMOUR ELEMENTARY SCHOOL,4023310540,DOUGLAS,4023311099,33,41,22,19,24,40,26,25,0,0,0,0,0,0,230,158,11,54,0,0,"4900 S 79TH ST
RALSTON 68127
(41.20915923897775, -96.03676236096783)"
280054007,193,148,0.7668,197,122,0.6193,53,51,0.9623,55,55,1,0,0,0,0,80,\N,BLUMFIELD ELEMENTARY SCHOOL,4023310891,DOUGLAS,4023311191,33,49,63,58,46,58,42,50,0,0,0,0,0,0,399,198,30,133,21,0,"10310 MOCKINGBIRD DR
OMAHA 68127
(41.20853870677752, -96.07321188281537)"
280054008,117,98,0.8376,117,81,0.6923,33,32,0.9697,34,34,1,0,0,0,0,85,\N,WILDEWOOD ELEMENTARY SCHOOL,4023316475,DOUGLAS,4023319099,74,38,31,32,28,34,27,29,0,0,0,0,0,0,293,223,14,50,0,0,"8071 RALSTON AVE
RALSTON 68127
(41.195315784089786, -96.03774001823483)"
280054009,159,110,0.6918,161,87,0.5404,39,34,0.8718,41,39,0.9512,0,0,0,0,72,\N,MEADOWS ELEMENTARY SCHOOL,4023396655,DOUGLAS,4023311044,35,27,34,30,35,40,42,41,0,0,0,0,0,0,284,171,33,66,11,0,"9225 BERRY
OMAHA 68127
(41.19849327971025, -96.05742878120117)"
280059001,242,214,0.8843,242,157,0.6488,75,71,0.9467,169,169,1,0.9588,93,97,23.2,99,\N,BENNINGTON SECONDARY SCHOOL,4022382447,DOUGLAS,4022382950,0,0,0,0,0,0,0,0,76,76,105,84,92,94,527,483,0,19,0,0,"16610 BENNINGTON ROAD
BENNINGTON 68007
(41.36461597220888, -96.17463259181451)"
280059002,214,178,0.8318,215,151,0.7023,53,52,0.9811,53,53,1,0,0,0,0,86,\N,BENNINGTON ELEMENTARY SCHOOL,4022382690,DOUGLAS,4022382185,29,52,59,55,53,54,60,47,0,0,0,0,0,0,409,357,0,19,0,0,"11620 N 156TH ST
BENNINGTON 68007
(41.36555133987298, -96.15841365187123)"
550001001,344,181,0.5262,347,149,0.4294,0,0,0,0,0,0,0.6815,338,496,23,70,\N,LINCOLN HIGH SCHOOL,4024361301,LANCASTER,4024361540,0,0,0,0,0,0,0,0,0,0,350,403,378,551,1682,902,252,236,163,35,"2229 J ST
LINCOLN 68510
(40.80814255289255, -96.6886539203465)"
550001038,163,141,0.865,164,144,0.878,62,60,0.9677,0,0,0,0,0,0,0,92,\N,RILEY ELEMENTARY SCHOOL,4024361164,LANCASTER,4024583264,37,59,71,51,52,64,47,0,0,0,0,0,0,0,381,259,22,47,19,0,"5021 ORCHARD ST
LINCOLN 68504
(40.82564335958273, -96.65125111714792)"
550001039,105,84,0.8,105,56,0.5333,31,28,0.9032,0,0,0,0,0,0,0,76,\N,SARATOGA ELEMENTARY SCHOOL,4024361166,LANCASTER,4024361506,53,43,36,38,31,33,39,0,0,0,0,0,0,0,273,138,32,47,11,0,"2215 S 13TH ST
LINCOLN 68502
(40.790282017390666, -96.70271032366446)"
550001040,207,204,0.9855,207,191,0.9227,77,77,1,0,0,0,0,0,0,0,99,\N,SHERIDAN ELEMENTARY SCHOOL,4024361167,LANCASTER,4024583267,0,74,87,94,63,77,63,0,0,0,0,0,0,0,458,411,0,0,0,0,"3100 PLYMOUTH AVE
LINCOLN 68502
(40.78806069197833, -96.67671092379743)"
550001041,216,136,0.6296,216,138,0.6389,71,67,0.9437,0,0,0,0,0,0,0,75,\N,WEST LINCOLN ELEMENTARY SCHOOL,4024361168,LANCASTER,4024583268,35,59,79,83,68,75,67,0,0,0,0,0,0,0,466,150,56,213,23,0,"630 W DAWES AVE
LINCOLN 68521
(40.83768540349853, -96.7291375116297)"
550001042,225,197,0.8756,225,203,0.9022,68,66,0.9706,0,0,0,0,0,0,0,94,\N,PYRTLE ELEMENTARY SCHOOL,4024361162,LANCASTER,4024583262,0,59,65,71,81,67,77,0,0,0,0,0,0,0,420,355,0,28,0,0,"721 COTTONWOOD DR
LINCOLN 68510
(40.80495895290886, -96.61238241904158)"
550001043,243,216,0.8889,242,221,0.9132,85,81,0.9529,0,0,0,0,0,0,0,94,\N,ROUSSEAU ELEMENTARY SCHOOL,4024361165,LANCASTER,4024583265,0,74,98,88,59,87,92,0,0,0,0,0,0,0,498,410,13,32,0,0,"3701 S 33RD ST
LINCOLN 68506
(40.77647742424091, -96.67282585263087)"
550001045,248,238,0.9597,248,239,0.9637,78,78,1,0,0,0,0,0,0,0,100,\N,KAHOA ELEMENTARY SCHOOL,4024361147,LANCASTER,4024583247,0,73,100,78,88,78,75,0,0,0,0,0,0,0,492,454,0,10,10,0,"7700 LEIGHTON ST
LINCOLN 68507
(40.8352211391948, -96.6166272190199)"
550001046,209,175,0.8373,212,180,0.8491,63,61,0.9683,0,0,0,0,0,0,0,91,\N,ZEMAN ELEMENTARY SCHOOL,4024361169,LANCASTER,4024583269,0,67,81,56,74,60,74,0,0,0,0,0,0,0,412,305,15,30,39,0,"4900 S 52ND ST
LINCOLN 68516
(40.76369805820457, -96.64905677139643)"
550001047,242,217,0.8967,241,212,0.8797,79,79,1,0,0,0,0,0,0,0,95,\N,RUTH HILL ELEMENTARY SCHOOL,4024361142,LANCASTER,4024583242,0,87,73,71,80,79,84,0,0,0,0,0,0,0,474,411,0,21,10,0,"5230 TIPPERARY TRAIL
LINCOLN 68512
(40.75957916331038, -96.68867190678714)"
550001049,253,234,0.9249,253,226,0.8933,77,75,0.974,0,0,0,0,0,0,0,95,\N,FREDSTROM ELEMENTARY SCHOOL,4024361140,LANCASTER,4024361404,0,79,88,87,96,78,82,0,0,0,0,0,0,0,510,437,0,27,10,0,"5700 N W 10TH
LINCOLN 68521
(40.86876646297146, -96.73446945419319)"
550145006,288,239,0.8299,288,227,0.7882,99,95,0.9596,98,96,0.9796,0,0,0,0,88,\N,WAVERLY INTERMEDIATE SCHOOL,4020000000,LANCASTER,,0,0,0,0,86,100,100,0,0,0,0,0,0,0,286,279,0,0,0,0,"14621 HEYWOOD, BOX 426
WAVERLY 68462
(40.91430751845144, -96.52274699238126)"
550148001,112,95,0.8482,112,79,0.7054,38,36,0.9474,74,74,1,0.9722,35,36,23,100,\N,MALCOLM JR/SR HIGH SCHOOL,4027962151,LANCASTER,4027962189,0,0,0,0,0,0,0,0,38,39,46,31,34,35,223,213,0,0,0,0,"10002 N W 112TH ST
MALCOLM 68402
(40.913055431888786, -96.87236682350206)"
550148002,156,119,0.7628,156,116,0.7436,41,40,0.9756,34,34,1,0,0,0,0,85,\N,MALCOLM ELEMENTARY SCHOOL,4027962151,LANCASTER,4027962186,0,36,25,41,41,40,35,40,0,0,0,0,0,0,261,246,0,0,0,0,"10000 N W 112TH ST
MALCOLM 68402
(40.91304460160396, -96.87236682350206)"
550160001,170,151,0.8882,170,137,0.8059,0,0,0,164,162,0.9878,0.987,152,154,23.7,100,\N,NORRIS HIGH SCHOOL,4027910010,LANCASTER,4027910027,0,0,0,0,0,0,0,0,0,0,171,145,166,160,642,613,0,16,10,0,"25211 S 68TH ST
FIRTH 68358
(40.56498386261046, -96.62944255793741)"
550160002,639,581,0.9092,639,551,0.8623,153,145,0.9477,329,326,0.9909,0,0,0,0,97,\N,NORRIS MIDDLE SCHOOL,4027910020,LANCASTER,4027910029,0,0,0,0,0,0,169,165,155,160,0,0,0,0,649,605,0,27,10,0,"25211 S 68TH ST
FIRTH 68358
(40.56498386261046, -96.62944255793741)"
550160003,311,261,0.8392,312,247,0.7917,153,143,0.9346,0,0,0,0,0,0,0,88,\N,NORRIS ELEMENTARY SCHOOL,4027910030,LANCASTER,4027910038,21,127,149,150,161,156,0,0,0,0,0,0,0,0,764,706,0,34,0,0,"25211 S 68TH ST
FIRTH 68358
(40.56498386261046, -96.62944255793741)"
550161001,139,107,0.7698,138,93,0.6739,46,46,1,92,89,0.9674,0.9216,47,51,21.4,96,\N,SECONDARY SCH AT RAYMOND,4027852685,LANCASTER,4027852097,0,0,0,0,0,0,0,0,45,45,55,61,46,50,302,284,0,0,0,0,"1800 WEST AGNEW ROAD
RAYMOND 68428
(41.01677250755484, -96.74513278931303)"
550161002,64,49,0.7656,64,42,0.6563,28,24,0.8571,21,20,0.9524,0,0,0,0,78,\N,ELEMENTARY SCHOOL AT CERESCO,4026653651,LANCASTER,4026652307,0,18,26,19,15,28,24,0,0,0,0,0,0,0,130,129,0,0,0,0,"114 S THIRD, BOX 10
CERESCO 68017
(41.06095598426215, -96.64681364617117)"
550161003,107,84,0.785,107,71,0.6636,22,22,1,18,18,1,0,0,0,0,84,\N,ELEMENTARY SCH AT VALPARAISO,4027843301,LANCASTER,4027843304,0,24,16,32,20,21,18,47,0,0,0,0,0,0,178,172,0,0,0,0,"406 E THIRD, BOX 68
VALPARAISO 68065
(41.085830000000044, -96.85939000000002)"
770001001,337,241,0.7151,337,150,0.4451,0,0,0,361,340,0.9418,0.8317,346,416,22.1,79,\N,BELLEVUE EAST SR HIGH SCHOOL,4022934150,SARPY,4022934259,0,0,0,0,0,0,0,0,0,0,374,391,350,417,1532,1169,187,101,56,11,"1401 HIGH SCHOOL DR
BELLEVUE 68005
(41.14642858726439, -95.90645113093107)"
770001002,430,301,0.7,428,187,0.4369,235,218,0.9277,241,219,0.9087,0,0,0,0,74,\N,BELLEVUE MISSION MIDDLE SCHOOL,4022934260,SARPY,4022934350,0,0,0,0,0,0,0,0,200,233,0,0,0,0,433,338,40,34,13,0,"2202 WASHINGTON ST
BELLEVUE 68005
(41.13752700797071, -95.89649595075521)"
770001003,212,145,0.684,212,101,0.4764,60,59,0.9833,50,45,0.9,0,0,0,0,73,\N,AVERY ELEMENTARY SCHOOL,4022934460,SARPY,4022935700,0,43,43,44,59,62,48,47,0,0,0,0,0,0,346,248,32,49,12,0,"2107 AVERY RD
BELLEVUE 68005
(41.16496525784079, -95.92225200282861)"
770001004,403,313,0.7767,401,245,0.611,0,0,0,424,387,0.9127,0.948,383,404,22.1,89,\N,BELLEVUE WEST SR HIGH SCHOOL,4022934040,SARPY,4022934149,0,0,0,0,0,0,0,0,0,0,425,405,410,428,1668,1257,178,155,61,12,"1501 THURSTON AVE
BELLEVUE 68123
(41.16187917073139, -95.93439717698057)"
770001005,484,379,0.7831,485,282,0.5814,219,194,0.8858,236,206,0.8729,0,0,0,0,81,\N,LOGAN FONTENELLE MIDDLE SCHOOL,4022934360,SARPY,4022934450,0,0,0,0,0,0,0,0,260,236,0,0,0,0,496,349,70,46,25,0,"701 KAYLEEN DR SOUTH
BELLEVUE 68005
(41.154592619230854, -95.91480888872482)"
770001006,173,98,0.5665,173,46,0.2659,46,41,0.8913,41,37,0.9024,0,0,0,0,59,\N,BELLEAIRE ELEMENTARY SCHOOL,4022934510,SARPY,4022935706,48,38,29,44,41,45,40,35,0,0,0,0,0,0,320,223,32,50,0,0,"1200 MISSION AVE WEST
BELLEVUE 68005
(41.13658850355895, -95.90829350875404)"
770001007,92,67,0.7283,91,46,0.5055,24,21,0.875,19,19,1,0,0,0,0,72,\N,BERTHA BARBER ELEMENTARY SCH,4022934560,SARPY,4022935704,25,26,26,22,23,26,20,24,0,0,0,0,0,0,192,145,20,17,0,0,"1402 MAIN ST
BELLEVUE 68005
(41.14538831388006, -95.8908473617139)"
770001008,181,121,0.6685,182,69,0.3791,48,45,0.9375,48,46,0.9583,0,0,0,0,68,\N,BETZ ELEMENTARY SCHOOL,4022934585,SARPY,4022935702,54,57,54,44,45,46,46,47,0,0,0,0,0,0,393,301,23,53,0,0,"605 W 27TH AVE
BELLEVUE 68005
(41.1302886970081, -95.90064097861301)"
770027007,248,204,0.8226,248,184,0.7419,54,52,0.963,74,69,0.9324,0,0,0,0,86,\N,TRUMBLE PARK ELEMENTARY SCHOOL,4028980466,SARPY,4028980474,0,51,53,63,71,55,72,50,0,0,0,0,0,0,415,387,0,13,0,0,"500 VALLEY RD
PAPILLION 68046
(41.14598219529591, -96.04828114916958)"
770027008,218,151,0.6927,218,109,0.5,57,49,0.8596,68,65,0.9559,0,0,0,0,70,\N,PARKVIEW HEIGHTS ELEM SCHOOL,4028980433,SARPY,4028980435,27,69,67,69,46,58,66,48,0,0,0,0,0,0,450,331,23,51,22,0,"7609 S 89TH ST
LA VISTA 68128
(41.18381729539999, -96.05035830696143)"
770027009,247,159,0.6437,247,138,0.5587,52,48,0.9231,66,65,0.9848,0,0,0,0,73,\N,CARRIAGE HILL ELEMENTARY SCH,4028980449,SARPY,4028980453,27,54,59,64,57,53,68,64,0,0,0,0,0,0,446,346,24,52,0,0,"400 CEDAR DALE RD
PAPILLION 68046
(41.143616096784385, -96.03886299193238)"
770027010,152,114,0.75,154,108,0.7013,37,37,1,38,34,0.8947,0,0,0,0,84,\N,GOLDEN HILLS ELEMENTARY SCHOOL,4028980459,SARPY,4028980461,39,33,38,22,41,42,33,34,0,0,0,0,0,0,282,201,27,30,0,0,"2912 COFFEY AVE
BELLEVUE 68123
(41.133144796414, -95.95655300521385)"
770027011,282,240,0.8511,282,204,0.7234,71,68,0.9577,64,64,1,0,0,0,0,86,\N,PORTAL ELEMENTARY SCHOOL,4028980425,SARPY,4028980426,0,86,82,85,81,73,61,62,0,0,0,0,0,0,530,487,11,11,15,0,"9920 BRENTWOOD DR
LA VISTA 68128
(41.18122445887402, -96.06673446018023)"
770027012,149,124,0.8322,149,108,0.7248,29,28,0.9655,45,44,0.9778,0,0,0,0,86,\N,ANDERSON GROVE ELEMENTARY SCH,4028980479,SARPY,4028980481,0,35,37,40,38,27,44,33,0,0,0,0,0,0,254,218,0,10,0,0,"11820 S 37TH ST
BELLEVUE 68123
(41.132123313947886, -95.96828798165694)"
770027013,190,162,0.8526,190,142,0.7474,49,47,0.9592,45,45,1,0,0,0,0,87,\N,HICKORY HILL ELEMENTARY SCH,4028980469,SARPY,4028980472,0,61,44,45,47,48,44,49,0,0,0,0,0,0,338,302,12,0,0,0,"1307 ROGERS DR
PAPILLION 68046
(41.17480084593159, -96.03019018048526)"
770027014,259,237,0.9151,259,207,0.7992,66,66,1,72,72,1,0,0,0,0,93,\N,RUMSEY STATION ELEMENTARY SCH,4028980475,SARPY,4028980418,0,56,62,61,63,66,72,57,0,0,0,0,0,0,437,382,12,22,13,0,"110 EAGLE RIDGE DR
PAPILLION 68133
(41.15550038729779, -96.01083121056682)"
770027016,204,150,0.7353,204,128,0.6275,44,42,0.9545,54,49,0.9074,0,0,0,0,79,\N,WALNUT CREEK ELEMENTARY,4028989630,SARPY,4028989634,25,79,76,54,61,42,55,49,0,0,0,0,0,0,441,371,39,15,0,0,"720 FENWICK ST
PAPILLION 68046
(41.13654884179084, -96.05268142247829)"
770027018,398,331,0.8317,398,242,0.608,0,0,0,399,393,0.985,0.9612,396,412,23,92,\N,PAPILLION-LA VISTA SOUTH H S,4028294600,SARPY,4028271330,0,0,0,0,0,0,0,0,0,0,404,396,397,432,1629,1419,85,64,43,0,"10799 HWY 370
PAPILLION 68046
(41.14735276087614, -96.08078454902304)"
770037001,168,143,0.8512,168,122,0.7262,0,0,0,170,170,1,0.9894,187,189,23.1,96,\N,GRETNA HIGH SCHOOL,4023323936,SARPY,4023325833,0,0,0,0,0,0,0,0,0,0,194,188,171,188,741,693,0,22,0,0,"11335 S 204TH STREET
GRETNA 68028
(41.14257717554226, -96.23414186526955)"
770037002,212,179,0.8443,212,162,0.7642,73,71,0.9726,62,62,1,0,0,0,0,88,\N,GRETNA ELEMENTARY SCHOOL,4023323341,SARPY,4023325833,90,64,80,86,76,72,62,0,0,0,0,0,0,0,530,506,0,0,0,0,"801 SOUTH ST
GRETNA 68028
(41.13594403897067, -96.24970508759694)"
770037003,647,535,0.8269,647,479,0.7403,207,198,0.9565,211,211,1,0,0,0,0,90,\N,GRETNA MIDDLE SCHOOL,4023323048,SARPY,4023325833,0,0,0,0,0,0,0,238,206,209,0,0,0,0,653,620,0,0,0,0,"11705 S 216TH STREET
GRETNA 68028
(41.134817090024185, -96.25322303468464)"
770037004,299,264,0.8829,299,257,0.8595,111,108,0.973,94,92,0.9787,0,0,0,0,93,\N,SQUIRE JOHN THOMAS ELEMENTARY,4023325578,SARPY,4023325833,0,91,116,75,93,113,93,0,0,0,0,0,0,0,581,549,0,18,0,0,"11221 NORTHRIDGE DRIVE
GRETNA 68028
(41.14535155500271, -96.22729073762525)"
770037005,242,192,0.7934,242,182,0.7521,79,79,1,82,81,0.9878,0,0,0,0,87,\N,PALISADE'S ELEMENTARY SCHOOL,4028952194,SARPY,4023325833,33,132,98,101,79,83,80,0,0,0,0,0,0,0,606,571,0,14,0,0,"16820 CHUTNEY DR
OMAHA 68136
(41.164516893443306, -96.17866638397106)"
